Hydrogen,Oxigen,Nitrogen,Methane,CO,CO2,Ethylene,Ethane,Acethylene,DBDS,PowerFactor,InterfacialV,DielectricRigidity,WaterContent,Health index,Life expectation
1.219063119,-0.176315392,-1.447449689,14.97240911,-0.893506332,-0.209330414,12.47993128,15.71942209,-0.131123479,0.042011381,-0.138190316,1.062653802,0.232896304,-0.951350519,3.815693076,-0.787498641
6.234190218,-0.585726892,-1.651004052,1.629411648,-0.678559054,-0.422021843,-0.120049874,0.651128841,-0.141986873,0.598338939,-0.138190316,1.062653802,0.232896304,-0.951350519,3.268951081,-0.787498641
1.206576497,0.567812426,0.620651009,0.131415456,0.054790483,-0.3263107,0.032539826,-0.207080809,3.256703596,-0.343138468,-0.138190316,0.091596212,-0.231578644,-0.308663706,3.25767805,-0.787498641
0.346997397,-0.585091489,-0.74412976,0.950919512,-0.252879151,-0.1836302,-0.118539085,0.432197808,-0.141986873,1.497021919,0.444491118,-0.879461378,-0.696053593,-0.659220149,3.25767805,-1.518203237
1.401367809,-0.337990221,0.010205937,0.164113873,0.488899691,0.138951801,-0.120049874,-0.113670235,-0.13577922,-0.343138468,-0.175625157,0.900810871,0.232896304,-0.776072297,3.252041535,-1.518203237
6.540861669,-0.56581759,-0.818255233,6.274630399,-0.552119479,-0.368848986,-0.119294479,3.351278251,-0.14043496,-0.343138468,0.50145718,-0.232089651,-0.231578644,-0.600794075,2.710936055,-1.518203237
4.892627487,0.250110796,-1.021736923,1.008141741,-0.661700444,-0.53412795,-0.123071452,0.233700338,-0.141986873,-0.343138468,0.273592932,1.062653802,0.232896304,-0.659220149,2.710936055,-1.518203237
-0.200416137,0.501377485,-0.466013892,-0.152652034,-0.741778842,-0.405183771,-0.114006718,-0.233352533,-0.121811999,-0.257549613,-0.206549591,0.415282076,2.710096028,-0.600794075,2.575659685,-0.787498641
-0.193923094,-0.41565062,0.860468715,-0.146521081,1.163244093,0.373798587,-0.119294479,-0.21583805,-0.138883047,3.144607382,-0.253750042,0.900810871,0.387721287,-0.717646223,2.553113623,-1.518203237
0.041824341,0.247357382,0.043126367,-0.136302826,-0.670129749,0.062294265,-0.10116501,-0.172051843,-0.141986873,3.144607382,-0.257005246,-0.232089651,2.864921011,-0.36708978,2.282560883,-1.518203237
-0.199916673,1.252635939,0.933140748,-0.160826638,-0.160156795,-0.166792128,-0.113251323,-0.239190694,-0.121811999,-0.257549613,-0.08610706,0.253439144,0.387721287,-0.717646223,2.023281174,-1.518203237
-0.199916673,0.949054382,-0.113336519,-0.162870289,-0.712276274,-0.514631236,-0.120805269,-0.239190694,-0.124915825,-0.364535682,-0.195156378,0.577125007,-0.076753662,-0.659220149,2.023281174,-1.518203237
-0.075050447,-0.5482381,0.911339138,-0.134259175,0.556334131,0.302901444,-0.119294479,-0.21291897,-0.141986873,4.021893148,-0.229336016,0.577125007,-1.779828472,-0.600794075,1.904914351,-1.518203237
11.46009151,-0.415297618,-1.435168116,10.14734907,-0.370889421,-0.783597272,4.098073313,10.07100143,4.437709737,-0.364535682,-0.138190316,2.195554324,2.555271046,-0.834498371,1.859822227,-0.787498641
4.313248198,-0.458010837,-0.018862876,3.495265023,-0.257093803,0.107934301,5.784113956,1.623182629,2.108287638,-0.364535682,-0.138190316,0.577125007,0.232896304,0.100318812,1.859822227,-0.787498641
6.391022198,-0.510961109,-1.087141753,5.252804893,-0.370889421,0.187693586,12.26539923,4.46052882,2.201402446,-0.364535682,-0.138190316,1.062653802,0.697371252,0.334023108,1.859822227,-0.787498641
3.104543131,-0.219381613,0.300894066,4.414907978,-0.227591236,0.023743943,9.772597199,3.847521927,2.434189464,-0.364535682,-0.138190316,0.577125007,0.078071321,0.275597034,1.859822227,-0.787498641
4.14842478,-0.270213873,-0.360421429,1.181852077,0.813427935,-0.016135699,0.828725685,0.043960109,14.97365019,-0.343138468,-0.138190316,1.062653802,0.232896304,-0.892924445,1.859822227,-0.787498641
2.699976559,0.250110796,0.26455805,0.799689337,0.463611776,-0.153498914,0.479733401,-0.110751154,6.050147818,-0.343138468,-0.138190316,0.900810871,-0.54122861,-0.016533336,1.859822227,-0.787498641
0.1761804,-0.56963001,0.700590244,3.311336431,6.262973631,10.22850146,1.59922813,1.964715041,-0.123363912,-0.364535682,6.551252968,-2.336047763,-0.386403627,3.547457175,1.859822227,-0.787498641
0.092769761,1.047894889,1.172958455,1.776554521,-0.147512838,-0.78226795,0.502395238,0.251214821,0.761226758,-0.364535682,-0.138190316,1.062653802,0.232896304,-0.717646223,1.859822227,-1.467615996
0.452384492,-0.40011854,0.300894066,1.901217233,-0.526831564,0.178831444,1.780522823,0.858383553,-0.115604345,-0.364535682,-0.260260449,1.062653802,-3.792553248,1.035135995,1.859822227,-0.787498641
-0.140979814,-0.569277008,1.841541153,-0.060687739,0.539475521,0.161107158,-0.070949228,-0.1486992,-0.141986873,3.230196237,-0.094245069,0.577125007,-2.863603352,0.158744886,1.792184042,-1.518203237
-0.148971252,-0.549014704,1.994152421,-0.066818692,2.174760696,0.998579659,-0.114762112,-0.15161828,-0.141986873,3.551154444,-0.274908865,0.738967939,-3.792553248,-0.659220149,1.735818888,-1.512582433
-0.154465366,-0.465776877,2.401115802,-0.015727416,1.028375213,0.546610373,-0.115517507,-0.134103798,-0.141986873,3.401373948,-0.253750042,0.900810871,0.232896304,-0.250237632,1.718909342,-1.512582433
-0.158461086,-0.564476183,2.05955725,-0.066818692,1.331830193,0.932113587,-0.119294479,-0.1486992,-0.141986873,3.572551658,-0.263515653,0.738967939,-0.231578644,-0.717646223,1.68509025,-0.87181071
-0.162456805,-0.540683861,2.030488437,-0.015727416,1.112668263,0.883371802,-0.060373704,-0.116589315,-0.141986873,2.545485395,-0.099127874,-0.717618446,-0.850878576,-0.659220149,1.606179034,-1.439511973
0.888417353,-0.576478245,-0.31827165,2.005443435,-0.257093803,1.734137517,0.864984624,1.646535273,-0.138883047,-0.364535682,-0.138190316,0.577125007,-3.947378231,0.859857773,1.594906003,-0.714428181
-0.163955199,-0.567158997,1.739800307,-0.070905994,2.781670657,1.508152874,-0.115517507,-0.160375522,-0.141986873,4.492631852,-0.227708414,1.062653802,-1.315353524,-0.483941927,1.555450395,-1.490099214
-0.194922024,0.65253286,-0.25141338,-0.162870289,-0.349816158,0.085778943,-0.106452772,-0.239190694,-0.141986873,-0.364535682,-0.112148688,-0.232089651,-0.696053593,-0.016533336,1.358172356,-1.48447841
-0.194922024,-0.395882518,-1.326959459,-0.138346477,-0.800783977,1.494859659,-0.123071452,-0.239190694,-0.141986873,-0.257549613,-0.27002606,0.738967939,0.232896304,-0.776072297,1.358172356,-1.001089215
-0.181935936,-0.424122663,1.25289769,-0.146521081,1.239107838,0.294039301,-0.116272901,-0.239190694,-0.14043496,-0.364535682,-0.138190316,-0.555775514,0.387721287,2.671066066,1.35253584,-0.219797378
-0.199417208,0.07360989,-0.774652013,-0.154695685,1.062092433,0.400385015,-0.120805269,-0.239190694,-0.14043496,-0.364535682,-0.138190316,-0.555775514,0.387721287,2.028379252,1.35253584,-0.219797378
-0.198418278,0.278350941,-1.130744972,-0.162870289,0.244449846,0.808043587,-0.120805269,-0.239190694,-0.14043496,-0.364535682,-0.138190316,-0.555775514,0.232896304,1.151988143,1.35253584,-0.219797378
0.991806588,0.048899764,-0.25141338,0.170244826,1.272825058,0.373798587,-0.120805269,-0.08447943,-0.141986873,-0.364535682,-0.022630591,1.224496734,0.078071321,-0.250237632,1.307443717,-1.490099214
6.231193429,-0.479120345,-0.829083366,1.527229098,-0.252879151,0.199657479,-0.120049874,0.694915048,-0.141986873,-0.343138468,-0.138190316,1.224496734,0.078071321,-0.250237632,1.307443717,-0.180451746
5.142359939,0.334831231,-1.094408956,1.114411593,-0.695417664,-0.5124157,-0.123071452,0.315434591,-0.14043496,-0.343138468,0.423332295,0.577125007,-1.470178507,-0.717646223,1.307443717,-0.93363956
0.258092644,0.963174454,-0.316818209,-0.077036947,-0.472041081,-0.564702343,-0.066416861,-0.230433452,0.964527421,-0.364535682,-0.222825609,1.062653802,0.387721287,-0.191811558,1.307443717,-0.180451746
4.468082318,-0.573866031,0.380833302,0.221336101,0.87243307,0.400385015,0.049158506,-0.157456441,-0.141986873,-0.364535682,11.37709222,-1.364990173,0.232896304,-0.659220149,1.307443717,-0.180451746
2.894767871,-0.569488809,0.845934309,0.282645631,1.045233823,3.892069305,-0.045265813,-0.125346556,-0.141986873,-0.364535682,10.7130307,-1.364990173,0.078071321,-0.36708978,1.307443717,-0.180451746
1.326448073,-0.571889221,1.579921836,0.225423403,0.670129749,3.152080376,-0.071704623,-0.101993913,-0.141986873,-0.364535682,11.61309448,-1.526833104,0.387721287,-0.133385484,1.307443717,-0.180451746
3.747354462,-0.338413823,-1.654637653,0.791514733,-0.623768572,-0.022782307,-0.121560663,0.487660337,-0.141986873,-0.364535682,-0.138190316,-1.526833104,0.387721287,-0.133385484,1.307443717,-0.180451746
2.310393934,-0.085946928,0.475306944,0.202943242,-0.868218417,-0.689658557,-0.123071452,-0.177890004,-0.141986873,-0.364535682,0.008293843,-1.526833104,-0.696053593,-0.07495941,1.307443717,-0.180451746
-0.041086833,-0.542801872,0.627918212,0.207030544,1.559421429,-0.598378486,0.005345622,-0.195404487,0.126494154,-0.364535682,-0.198411582,1.062653802,-0.386403627,-0.834498371,1.307443717,-0.180451746
-0.125995867,0.920814237,0.111946782,0.356217068,-0.758637452,-0.135774628,1.576566293,2.411334349,7.353755121,-0.364535682,-0.138190316,0.738967939,-0.386403627,-0.659220149,1.307443717,-0.180451746
-0.096527437,17.052997,1.078484813,0.139590061,-0.531046216,0.214280015,0.444229857,0.061474592,4.5603109,-0.364535682,-0.138190316,1.062653802,-1.934653455,-0.425515853,1.301807201,-0.180451746
-0.063562754,0.927874273,-0.120603722,0.127328154,-0.636412529,0.121227515,0.48275498,-0.066964948,5.817360799,-0.364535682,-0.138190316,1.062653802,-0.54122861,-0.659220149,1.301807201,-0.180451746
-0.075549912,0.631352752,-0.295016599,0.113022597,-0.682773707,0.023743943,-0.080013963,1.903414352,5.025884937,-0.364535682,-0.138190316,0.900810871,-0.54122861,-0.717646223,1.301807201,-0.174830941
-0.094030113,1.125555287,0.053809156,0.027189255,-0.632197877,0.032606086,0.3135466,-0.134103798,4.249928208,-0.364535682,-0.138190316,0.577125007,0.078071321,-0.542368001,1.301807201,-0.174830941
-0.13448677,-0.23060707,0.075029389,-0.095429806,1.365547414,-0.228384021,-0.120805269,-0.224595291,-0.141986873,-0.343138468,-0.281419272,1.386339666,1.935971114,-0.776072297,1.284897655,-0.169210136
-0.201914532,-0.574572035,0.664254228,-0.154695685,-0.944082162,-0.580211093,-0.100409616,-0.096155752,-0.038008672,-0.364535682,0.415194286,1.386339666,-0.54122861,-0.776072297,1.267988109,-0.157968527
-0.182934866,-0.369266182,-2.274312074,-0.140390128,-0.282381718,-0.482727521,-0.101920405,-0.230433452,-0.112500518,-0.364535682,-0.138190316,1.386339666,3.32939596,1.268840291,1.262351594,-0.152347723
-0.183933796,-0.381762446,1.129355235,0.043538463,1.184317356,1.00301073,0.022719697,-0.137022878,-0.141986873,2.352910471,-0.240729228,0.253439144,-0.076753662,-0.600794075,1.222895986,-0.883052319
-0.186930585,-0.5677238,0.460772537,0.166157524,0.273952413,0.395953944,0.064266397,-0.157456441,-0.141986873,0.063408594,-0.208177193,0.253439144,0.232896304,-0.717646223,1.222895986,-0.877431514
-0.175942357,-0.562711174,1.4999826,-0.087255202,2.916539538,1.911380374,-0.117028296,-0.177890004,-0.141986873,2.588279823,-0.167487148,0.900810871,0.387721287,-0.717646223,1.21725947,-0.877431514
-0.186930585,-0.560875565,-2.04641258,-0.0831679,-0.438323861,0.387091801,-0.110229745,-0.099074832,-0.141986873,3.016224099,-0.276536467,1.224496734,0.387721287,-0.542368001,1.211622955,-0.87181071
-0.189927374,-0.557910349,-1.893801312,-0.079080598,-0.244449846,0.431402515,-0.115517507,-0.049450465,-0.141986873,3.101812954,-0.273281264,0.900810871,-0.231578644,-0.776072297,1.205986439,-0.87181071
-0.191425769,-0.56002836,-1.072607346,-0.097473457,-0.113795618,0.53774823,-0.116272901,-0.101993913,-0.141986873,3.059018527,-0.279791671,0.577125007,-0.076753662,-0.717646223,1.183440378,-0.866189905
-0.172446103,-0.544496281,0.598849399,-0.121997269,0.096937008,0.214280015,-0.116272901,-0.195404487,-0.141986873,2.545485395,-0.266770856,0.577125007,-0.231578644,-0.717646223,1.183440378,-0.860569101
-0.149970182,-0.487662989,2.088626063,-0.087255202,0.476255734,0.621938587,-0.114762112,-0.207080809,-0.141986873,-0.321741254,-0.248867237,1.062653802,0.078071321,-0.483941927,1.172167347,-1.512582433
-0.200416137,0.800793621,1.441844975,-0.162870289,-0.573192742,-0.149067843,-0.115517507,-0.239190694,-0.141986873,-0.000783047,-0.138190316,0.738967939,-0.076753662,0.684579552,1.166530832,-1.490099214
-0.181935936,1.160855468,0.402634911,-0.14447743,-0.674344402,-0.39765095,-0.110229745,-0.204161728,-0.141986873,1.518419133,-0.027513396,0.091596212,-0.386403627,-0.717646223,1.166530832,-0.849327491
-0.184433261,-0.454480819,1.870609966,-0.150608383,-0.177015405,-0.224396057,-0.107963561,-0.239190694,-0.141986873,1.616846316,-0.222825609,0.253439144,-0.696053593,-0.483941927,1.166530832,-1.490099214
-0.200416137,-0.455892826,2.437451818,-0.087255202,-0.042146525,0.435833587,-0.115517507,0.058555512,-0.141986873,2.267321616,-0.229336016,0.415282076,-1.005703558,-0.600794075,1.166530832,-0.849327491
-0.201914532,-0.541107463,0.206420424,-0.074993296,-0.741778842,0.422540372,-0.120049874,0.026445627,-0.141986873,3.486962803,-0.11377629,0.900810871,-0.231578644,-0.36708978,1.166530832,-1.512582433
-0.187929515,0.11244009,-0.033397283,-0.130171873,0.004214653,-0.2332582,-0.123071452,-0.230433452,-0.141986873,0.651831974,-0.154466334,0.900810871,-0.696053593,-0.717646223,1.166530832,-0.849327491
-0.18942791,0.5042721,0.213687627,-0.156739336,0.096937008,-0.281999986,-0.123071452,-0.239190694,-0.141986873,0.213189091,-0.138190316,0.738967939,-1.62500349,-0.717646223,1.166530832,-0.849327491
-0.18942791,-0.55416853,0.48984135,-0.138346477,0.307669633,0.41367823,-0.120049874,-0.198323567,-0.141986873,-0.364535682,-0.195156378,1.062653802,0.387721287,-0.717646223,1.166530832,-0.849327491
-0.190426839,-0.527340393,1.957816404,-0.130171873,2.823817182,0.710560016,-0.119294479,-0.221676211,-0.141986873,0.998466838,-0.278164069,0.738967939,-1.005703558,-0.542368001,1.166530832,-1.490099214
-0.197419348,0.165390361,-0.396757445,-0.158782987,0.269737761,0.068054658,-0.123071452,-0.227514372,-0.141986873,1.946363409,-0.239101626,0.577125007,0.542546269,-0.425515853,1.166530832,-1.490099214
-0.197419348,-0.537930447,0.598849399,-0.142433779,0.210732626,0.063623586,-0.120049874,-0.189566326,-0.141986873,3.379976734,-0.257005246,0.577125007,0.387721287,-0.542368001,1.166530832,-1.490099214
-0.199916673,-0.561228566,-0.658376761,-0.117909967,-0.585836699,-0.317448557,-0.11778369,-0.101993913,-0.141986873,3.230196237,-0.004726971,0.738967939,0.542546269,-0.542368001,1.166530832,-0.849327491
-0.197918813,-0.51519713,0.547978976,-0.134259175,-0.037931873,0.014881801,-0.118539085,-0.174970924,-0.141986873,2.053349478,-0.266770856,0.577125007,0.387721287,-0.776072297,1.166530832,-0.854948296
-0.198418278,-0.563487778,0.504375757,-0.136302826,-0.164371448,-0.016135699,-0.120049874,-0.195404487,-0.141986873,3.101812954,-0.253750042,0.738967939,0.232896304,-0.717646223,1.166530832,-0.849327491
-0.198418278,-0.56002836,0.199153221,-0.14447743,0.307669633,0.387091801,-0.120049874,-0.195404487,-0.141986873,3.166004596,-0.248867237,0.415282076,0.232896304,-0.483941927,1.166530832,-1.490099214
-0.198418278,0.518392172,-0.069733299,-0.158782987,0.543690174,0.732715373,-0.101920405,-0.239190694,-0.141986873,3.101812954,-0.208177193,0.253439144,-0.386403627,-0.483941927,1.166530832,-1.490099214
-0.198418278,-0.449538793,0.80233109,-0.142433779,-0.379318726,0.174400372,-0.120049874,-0.186647246,-0.141986873,2.716663106,-0.252122441,0.253439144,-0.54122861,-0.892924445,1.166530832,-0.107381286
-0.198917743,-0.324576152,1.630792259,-0.128128222,0.139083533,0.169969301,-0.11778369,-0.1486992,-0.141986873,3.786523796,-0.222825609,0.415282076,0.232896304,-0.776072297,1.166530832,-0.107381286
-0.199417208,-0.563346577,0.388100505,-0.130171873,-0.054790483,0.156676086,-0.119294479,-0.174970924,-0.141986873,3.166004596,-0.248867237,0.738967939,0.078071321,-0.717646223,1.166530832,-0.849327491
-0.199417208,0.638412788,0.409902115,-0.154695685,0.219161931,0.41367823,-0.11778369,-0.239190694,-0.141986873,3.144607382,-0.216315202,0.415282076,0.232896304,-0.36708978,1.166530832,-1.490099214
-0.199417208,1.02671478,0.293626863,-0.162870289,-0.400391989,-0.438859914,-0.115517507,-0.239190694,-0.141986873,-0.107769116,-0.266770856,0.253439144,-0.696053593,-0.36708978,1.166530832,-1.490099214
-0.199417208,0.850213875,-0.404024648,-0.162870289,-0.404606641,-0.441518557,-0.110229745,-0.239190694,-0.141986873,2.673868678,-0.134935113,-0.070246719,-0.231578644,-0.425515853,1.166530832,-1.490099214
-0.199916673,-0.586009294,-1.19004535,-0.152652034,-0.653271139,-0.416704557,-0.121560663,-0.221676211,-0.141986873,1.261652567,-0.274908865,-0.070246719,2.24562108,-0.542368001,1.166530832,-0.107381286
-0.199916673,-0.255387797,1.848808356,-0.158782987,-0.379318726,0.041468229,-0.117028296,-0.239190694,-0.141986873,-0.214755185,-0.048672219,0.253439144,-0.231578644,-0.07495941,1.166530832,-1.490099214
-0.199916673,0.836093802,-0.222344567,-0.162870289,-0.210732626,0.103503229,-0.073215412,-0.239190694,-0.141986873,2.716663106,0.03270787,-0.232089651,0.078071321,-0.191811558,1.166530832,-1.490099214
-0.200416137,0.497212064,-0.120603722,-0.162870289,0.375104073,-0.255413557,-0.10947435,-0.239190694,-0.141986873,-0.364535682,-0.05843783,-0.070246719,-2.863603352,-0.133385484,1.166530832,-1.490099214
-0.200416137,0.864333947,-0.418559055,-0.162870289,-0.531046216,-0.403411343,-0.10947435,-0.239190694,-0.141986873,2.352910471,-0.156093936,-0.232089651,0.542546269,-0.600794075,1.166530832,-1.490099214
-0.200416137,-0.562146371,-0.055198893,-0.152652034,-0.830286545,-0.528810664,-0.116272901,-0.207080809,-0.141986873,3.251593451,0.2442961,-0.070246719,0.078071321,-0.425515853,1.166530832,-1.490099214
-0.200915602,0.927874273,-0.018862876,-0.158782987,-0.581622047,-0.344034986,-0.120805269,-0.239190694,-0.141986873,2.267321616,-0.255377644,0.577125007,0.078071321,-0.717646223,1.166530832,-0.860569101
-0.200915602,0.44779181,-0.258680583,-0.158782987,0.223376583,-0.016135699,-0.081524752,-0.239190694,-0.141986873,0.384366801,-0.170742352,0.415282076,-1.934653455,-0.133385484,1.166530832,-1.490099214
-0.201914532,-0.191847471,1.747067511,-0.128128222,0.257093803,0.169969301,-0.118539085,-0.119508396,-0.141986873,-0.270387941,-0.263515653,0.577125007,0.232896304,-0.600794075,1.166530832,-1.490099214
-0.201914532,0.956114418,0.039274749,-0.158782987,-0.864003765,-0.175654271,-0.120805269,-0.218757131,-0.141986873,2.545485395,-0.234218821,0.415282076,0.387721287,-0.425515853,1.166530832,-1.490099214
-0.201914532,0.906694164,-0.258680583,-0.162870289,-0.644841834,-0.131343557,-0.123071452,-0.239190694,-0.141986873,2.545485395,-0.248867237,0.738967939,-0.54122861,-0.834498371,1.166530832,-0.107381286
-0.201914532,1.238515867,0.141015595,-0.162870289,-0.935652857,-0.628066664,-0.123071452,-0.239190694,-0.141986873,2.203129975,-0.160976741,0.091596212,-0.54122861,-0.717646223,1.166530832,-0.849327491
-0.201914532,1.02671478,-0.178741348,-0.162870289,-0.750208147,-0.559828164,-0.123071452,-0.239190694,-0.141986873,2.952032458,-0.240729228,0.738967939,-0.076753662,-0.659220149,1.166530832,-0.849327491
-0.201914532,0.949054382,0.344497286,-0.156739336,-0.699632317,0.161107158,-0.116272901,-0.21583805,-0.141986873,-0.364535682,-0.234218821,0.577125007,0.387721287,-0.600794075,1.166530832,-0.849327491
-0.201914532,-0.43330071,0.80233109,-0.136302826,-0.476255734,-0.131343557,-0.120049874,-0.174970924,-0.141986873,3.337182306,-0.211432396,0.577125007,-0.231578644,-0.717646223,1.166530832,-0.849327491
-0.201914532,-0.523386772,0.795063886,-0.150608383,0.092722355,0.759301801,-0.117028296,-0.207080809,-0.141986873,2.90923803,-0.243984432,0.253439144,0.387721287,-0.717646223,1.166530832,-0.849327491
-0.201914532,1.316176265,0.642452618,-0.162870289,-0.830286545,-0.592174986,-0.123071452,-0.239190694,-0.141986873,-0.12916633,-0.138190316,0.738967939,-0.386403627,-0.717646223,1.166530832,-0.849327491
-0.201914532,0.934934309,-0.142405331,-0.162870289,-0.1685861,0.41367823,-0.119294479,-0.239190694,-0.141986873,-0.171960757,-0.28792968,0.738967939,-0.231578644,-0.600794075,1.166530832,-0.849327491
-0.201914532,1.584457641,0.795063886,-0.162870289,-0.615339267,-0.033859985,-0.120049874,-0.239190694,-0.141986873,-0.236152399,-0.273281264,0.900810871,-0.076753662,-0.717646223,1.166530832,-0.860569101
-0.201914532,0.941994345,-0.156939738,-0.162870289,-0.193874016,0.192124658,-0.118539085,-0.239190694,-0.141986873,-0.236152399,-0.279791671,0.415282076,0.232896304,-0.776072297,1.166530832,-0.107381286
-0.201914532,0.001597521,-1.232485817,-0.162870289,-0.931438205,-0.725107129,-0.123071452,-0.239190694,-0.141986873,-0.343138468,1.233877978,-0.232089651,-1.62500349,-0.542368001,1.166530832,-1.490099214
-0.201914532,1.337356374,0.562513383,-0.162870289,-0.893506332,-0.572235164,-0.123071452,-0.239190694,-0.141986873,-0.343138468,-0.200039184,0.253439144,-2.089478438,0.158744886,1.166530832,-1.490099214
-0.201914532,0.772553476,-0.149672535,-0.162870289,-0.80499863,-0.591731879,-0.123071452,-0.239190694,-0.141986873,-0.364535682,-0.099127874,1.062653802,-1.005703558,-0.600794075,1.166530832,-1.490099214
-0.201914532,1.160855468,-0.149672535,-0.162870289,-0.686988359,-0.577109343,-0.123071452,-0.239190694,-0.141986873,3.97909872,-0.061693033,1.062653802,0.232896304,-0.659220149,1.166530832,-0.849327491
-0.201914532,0.963174454,-0.207810161,-0.162870289,-0.514187606,-0.4255667,-0.117028296,-0.239190694,-0.141986873,2.545485395,-0.198411582,0.415282076,-0.231578644,-0.542368001,1.166530832,-0.849327491
-0.201914532,0.419551665,1.303768113,-0.148564732,-0.404606641,0.063623586,-0.120805269,-0.201242648,-0.141986873,-0.364535682,-0.234218821,-0.232089651,-0.386403627,-0.834498371,1.166530832,-0.107381286
-0.192924164,0.65253286,0.28635966,-0.154695685,-0.054790483,-0.091463914,-0.123071452,-0.218757131,-0.141986873,0.812311078,-0.138190316,1.062653802,-0.696053593,-0.776072297,1.166530832,-0.107381286
-0.196420418,-0.509549101,1.172958455,-0.148564732,1.247537143,0.515592873,-0.087567908,-0.239190694,-0.141986873,0.919297147,1.072745402,-0.393932583,-0.54122861,1.151988143,1.166530832,-1.490099214
-0.193923094,-0.071826856,1.688929885,-0.152652034,1.281254363,0.59978323,-0.119294479,-0.239190694,-0.141986873,-0.364535682,-0.24235683,1.224496734,-1.315353524,-0.483941927,1.166530832,-1.490099214
-0.195920953,-0.557486747,0.48984135,-0.156739336,-0.737564189,0.147813944,-0.120805269,-0.21583805,-0.141986873,3.080415741,-0.255377644,0.415282076,0.542546269,-0.542368001,1.166530832,-1.490099214
-0.199916673,-0.545978888,-0.236878974,-0.089298853,-0.05057583,0.338350015,-0.120805269,-0.08156035,-0.141986873,3.251593451,-0.112148688,0.577125007,0.387721287,-0.483941927,1.160894316,-1.490099214
-0.144975533,-0.42348726,-1.155380791,-0.158782987,-0.421465251,-0.491589664,-0.123071452,-0.239190694,-0.141986873,-0.364535682,-0.138190316,0.577125007,3.32939596,0.684579552,1.149621285,-0.096139677
0.522309578,0.327771194,0.584314992,0.15798292,0.143298185,0.683973587,-0.061129099,-0.02025966,-0.141986873,-0.30034404,1.945139952,-0.393932583,0.387721287,-0.600794075,1.076346585,-1.417028755
-0.161457875,1.089549102,1.215035561,-0.142433779,2.562508727,-0.197366521,-0.123071452,-0.239190694,-0.141986873,-0.257549613,-0.291184883,1.386339666,3.174570977,-0.717646223,1.003071885,-0.79874025
-0.168450384,-0.170667363,-0.447627868,-0.134259175,2.891251623,0.980855373,-0.123071452,-0.224595291,-0.141986873,-0.257549613,-0.276536467,0.738967939,-0.54122861,-0.834498371,0.704336568,-0.056794045
0.4124273,-0.573160028,1.710731494,-0.038207578,1.399264634,4.202244305,-0.101920405,-0.169132763,-0.141986873,-0.364535682,-0.146328325,-0.717618446,-0.076753662,-0.250237632,0.625425352,-0.056794045
-0.174943427,-0.470718902,-1.501372337,-0.146521081,1.306542278,0.963131087,-0.123071452,-0.230433452,-0.141986873,-0.257549613,-0.27002606,1.062653802,0.387721287,-0.834498371,0.614152321,-0.056794045
-0.179938076,-0.467541886,-0.470882918,-0.160826638,-0.467826429,-0.5744507,-0.123071452,-0.239190694,-0.141986873,-0.364535682,-0.138190316,1.062653802,3.174570977,0.450875256,0.608515806,-0.056794045
-0.183434331,-0.546049489,-1.995542157,-0.119953618,2.714236217,0.830198944,-0.115517507,-0.209999889,-0.141986873,-0.257549613,-0.278164069,0.900810871,0.232896304,-0.776072297,0.608515806,-0.05117324
-0.189927374,1.930399416,2.728139948,-0.152652034,0.493114344,-0.1091882,-0.123071452,-0.239190694,-0.141986873,-0.364535682,-0.286302078,0.253439144,0.232896304,-0.542368001,0.608515806,-0.056794045
-0.189927374,-0.496135033,1.674395478,-0.138346477,2.221121873,0.50673073,-0.120805269,-0.227514372,-0.141986873,-0.321741254,-0.281419272,0.900810871,-0.54122861,-0.717646223,0.608515806,-0.787498641
-0.190926304,-0.390940493,0.388100505,-0.156739336,2.216907221,0.254159658,-0.120805269,-0.239190694,-0.141986873,-0.12916633,-0.240729228,0.738967939,-1.62500349,-0.659220149,0.608515806,-0.787498641
-0.191925234,-0.436830728,-1.922870125,-0.150608383,0.265523108,0.063623586,-0.123071452,-0.239190694,-0.141986873,-0.343138468,-0.134935113,1.224496734,-0.231578644,-0.717646223,0.608515806,-0.787498641
-0.192424699,-0.54640249,-2.002809361,-0.132215524,-0.252879151,-0.545205629,-0.121560663,-0.227514372,-0.141986873,-0.364535682,-0.24235683,1.386339666,-1.005703558,-0.776072297,0.608515806,-0.781877836
-0.197918813,0.158330325,1.00581278,-0.115866316,-0.075863745,1.140373945,-0.123071452,-0.224595291,-0.141986873,-0.257549613,-0.279791671,1.062653802,-0.231578644,-0.834498371,0.608515806,-0.056794045
-0.197918813,0.02489564,1.754334714,-0.119953618,-0.059005135,1.432824659,-0.123071452,-0.227514372,-0.141986873,-0.150563544,-0.268398458,0.738967939,0.232896304,-0.776072297,0.608515806,-0.781877836
-0.198418278,-0.238937913,0.601174904,-0.119953618,-0.18544471,1.314071945,-0.123071452,-0.233352533,-0.141986873,-0.150563544,-0.266770856,-0.070246719,1.935971114,-0.659220149,0.608515806,-0.056794045
-0.196919883,-0.353522301,0.24275644,-0.158782987,1.82915919,0.240866444,-0.123071452,-0.239190694,-0.141986873,-0.257549613,-0.261888051,0.900810871,0.387721287,-0.717646223,0.608515806,-0.787498641
-0.197419348,-0.525857785,-1.087141753,-0.130171873,0.147512838,0.44469573,-0.123071452,-0.230433452,-0.141986873,-0.257549613,-0.281419272,1.062653802,-0.696053593,-0.776072297,0.608515806,-0.056794045
-0.198418278,-0.009698537,0.584314992,-0.126084571,-0.03371722,0.404816087,-0.123071452,-0.227514372,-0.141986873,-0.257549613,-0.28792968,2.519240187,-0.231578644,-0.834498371,0.608515806,-0.056794045
-0.198418278,-0.54435508,-2.242627067,-0.146521081,-0.387748031,-0.570905843,-0.123071452,-0.239190694,-0.141986873,-0.257549613,-0.283046874,1.062653802,-1.005703558,-0.776072297,0.608515806,-0.781877836
-0.198418278,-0.489074996,-2.351635116,-0.154695685,-0.096937008,-0.6861137,-0.123071452,-0.239190694,-0.141986873,-0.257549613,-0.043789414,1.224496734,-0.850878576,-0.834498371,0.608515806,-0.056794045
-0.198418278,-0.404354562,0.80233109,-0.158782987,2.275912356,-0.180085343,-0.123071452,-0.239190694,-0.141986873,-0.257549613,-0.258632848,0.253439144,-1.160528541,-0.834498371,0.608515806,-0.056794045
-0.198418278,-0.270919877,-1.813862076,-0.158782987,-0.366674768,-0.3263107,-0.123071452,-0.239190694,-0.141986873,-0.257549613,-0.048672219,1.224496734,-0.696053593,-0.542368001,0.608515806,-1.490099214
-0.198917743,0.010775568,1.202027268,-0.136302826,0.198088668,0.103503229,-0.116272901,-0.239190694,-0.141986873,-0.343138468,-0.183763166,0.415282076,-0.54122861,-0.659220149,0.608515806,-0.787498641
-0.198917743,0.348951303,-0.78918642,-0.162870289,0.703846969,1.038459302,-0.123071452,-0.239190694,-0.141986873,-0.364535682,-0.138190316,0.415282076,-0.231578644,2.262083548,0.608515806,-0.056794045
-0.198917743,-0.160783312,-0.49849829,-0.152652034,2.73530948,0.364936444,-0.123071452,-0.239190694,-0.141986873,-0.364535682,-0.138190316,-0.879461378,0.232896304,-0.250237632,0.608515806,-0.056794045
-0.199417208,0.278350941,1.681662681,-0.128128222,0.105366313,0.028175015,-0.120805269,-0.224595291,-0.141986873,-0.257549613,-0.281419272,1.062653802,-0.850878576,-0.834498371,0.608515806,-0.056794045
-0.199417208,0.292471013,0.046541953,-0.156739336,1.222249228,0.528886087,-0.120805269,-0.239190694,-0.141986873,-0.343138468,-0.138190316,1.062653802,1.316671183,-0.776072297,0.608515806,-0.056794045
-0.199417208,-0.329800579,0.724208655,-0.152652034,-0.362460116,1.114230623,-0.118539085,-0.236271613,-0.141986873,-0.257549613,-0.071458644,0.091596212,-0.696053593,0.158744886,0.608515806,-1.490099214
-0.199417208,0.468971919,-0.244146177,-0.162870289,-0.059005135,-0.628066664,-0.123071452,-0.239190694,-0.141986873,-0.364535682,-0.185390768,1.548182597,0.542546269,-0.717646223,0.608515806,-1.490099214
-0.199916673,-0.570336013,-2.017343767,-0.146521081,0.172800753,1.069476802,-0.123071452,-0.227514372,-0.141986873,-0.321741254,-0.265143255,0.900810871,0.232896304,-0.776072297,0.608515806,-0.787498641
-0.199916673,0.370131412,-0.7455832,-0.156739336,0.83871585,1.80503466,-0.123071452,-0.218757131,-0.141986873,-0.364535682,-0.138190316,-0.717618446,0.232896304,3.547457175,0.608515806,-0.056794045
-0.199916673,0.610172643,0.649719822,-0.160826638,0.691203012,-0.390118128,-0.123071452,-0.239190694,-0.141986873,-0.257549613,-0.213059998,1.386339666,-0.850878576,-0.659220149,0.608515806,-0.787498641
-0.200416137,0.857273911,-0.27321499,-0.162870289,-0.880862375,-0.676365343,-0.123071452,-0.239190694,-0.141986873,-0.343138468,-0.138190316,1.386339666,-0.850878576,-0.659220149,0.608515806,-0.056794045
-0.200416137,0.638412788,0.649719822,-0.156739336,0.497328996,0.183262515,-0.120049874,-0.239190694,-0.141986873,-0.343138468,-0.134935113,0.900810871,-0.850878576,-0.776072297,0.608515806,-0.056794045
-0.200416137,-0.447420783,0.860468715,-0.150608383,3.481302974,0.502299658,-0.123071452,-0.239190694,-0.141986873,-0.257549613,-0.237474025,0.577125007,-0.386403627,-0.776072297,0.608515806,-0.056794045
-0.200416137,1.02671478,0.01747314,-0.162870289,-0.181230058,0.223142158,-0.119294479,-0.239190694,-0.141986873,-0.30034404,-0.284674476,1.062653802,-0.386403627,-0.717646223,0.608515806,-0.787498641
-0.200416137,1.08319507,0.148282798,-0.162870289,-0.177015405,0.652956087,-0.117028296,-0.239190694,-0.141986873,-0.321741254,-0.284674476,1.224496734,0.387721287,-0.717646223,0.608515806,-0.787498641
-0.200416137,0.941994345,-0.331352616,-0.162870289,-0.484685039,-0.126912485,-0.123071452,-0.239190694,-0.141986873,-0.343138468,-0.042161812,-0.555775514,0.078071321,0.275597034,0.608515806,-1.506961628
-0.200416137,0.786673549,-0.360421429,-0.162870289,-0.147512838,0.369367515,-0.100409616,-0.239190694,-0.141986873,-0.364535682,-0.173997555,0.253439144,-1.62500349,0.392449182,0.608515806,-1.512582433
-0.200416137,0.70901315,-0.200542957,-0.162870289,-0.488899691,-0.051584271,-0.101920405,-0.239190694,-0.141986873,-0.257549613,-0.024258192,-0.555775514,0.232896304,-0.250237632,0.608515806,-1.490099214
-0.200416137,0.461911882,0.649719822,-0.162870289,-0.341386853,-0.601923343,-0.123071452,-0.239190694,-0.141986873,-0.364535682,-0.279791671,0.900810871,-0.54122861,-0.776072297,0.608515806,-0.787498641
-0.200416137,0.257170832,-0.869125655,-0.162870289,-0.206517973,-0.679467093,-0.123071452,-0.239190694,-0.141986873,-0.364535682,-0.204921989,1.548182597,0.232896304,-0.717646223,0.608515806,-0.787498641
-0.200915602,1.173422333,2.094585169,-0.158782987,-0.948296815,-0.584199057,-0.123071452,-0.239190694,-0.141986873,-0.364535682,-0.138190316,1.548182597,0.232896304,-0.717646223,0.608515806,-0.056794045
-0.200915602,0.532512245,0.257290847,-0.154695685,0.484685039,0.192124658,-0.123071452,-0.239190694,-0.141986873,-0.364535682,-0.263515653,0.738967939,-0.696053593,-0.776072297,0.608515806,-0.787498641
-0.200915602,1.160855468,0.497108554,-0.156739336,-0.11801027,0.639662873,-0.116272901,-0.239190694,-0.141986873,-0.278946826,-0.28792968,1.224496734,0.078071321,-0.600794075,0.608515806,-0.787498641
-0.201914532,1.146735396,0.22095483,-0.162870289,-0.897720985,-0.402968236,-0.116272901,-0.239190694,-0.141986873,-0.343138468,-0.130052308,0.415282076,-0.076753662,-0.483941927,0.608515806,-1.490099214
-0.201914532,-0.2363257,0.293626863,-0.154695685,0.075863745,-0.430440879,-0.123071452,-0.239190694,-0.141986873,-0.257549613,-0.234218821,1.062653802,-0.231578644,-0.776072297,0.608515806,-0.781877836
-0.201914532,-0.059118791,-0.701979981,-0.152652034,0.223376583,-0.460129057,-0.123071452,-0.230433452,-0.141986873,-0.257549613,-0.237474025,0.900810871,-1.005703558,-0.834498371,0.608515806,-0.056794045
-0.201914532,-0.53079981,-1.966473344,-0.154695685,0.901935637,0.449126801,-0.123071452,-0.239190694,-0.141986873,-0.343138468,-0.226080812,0.415282076,-1.005703558,-0.834498371,0.608515806,-0.056794045
-0.201914532,-0.479543947,-2.776403145,-0.162870289,-0.560548784,-0.620090736,-0.123071452,-0.239190694,-0.141986873,-0.257549613,-0.258632848,0.577125007,3.32939596,-0.542368001,0.608515806,-0.056794045
-0.201914532,0.977294527,-0.040664486,-0.158782987,-0.088507703,0.369367515,-0.115517507,-0.239190694,-0.141986873,-0.278946826,-0.260260449,1.062653802,0.232896304,-0.600794075,0.608515806,-0.787498641
-0.201914532,0.949054382,-0.033397283,-0.162870289,0.021073263,0.307332515,-0.11778369,-0.239190694,-0.141986873,-0.321741254,-0.257005246,0.900810871,-0.696053593,-0.717646223,0.608515806,-0.056794045
-0.201914532,1.02671478,0.148282798,-0.162870289,-0.164371448,0.165538229,-0.119294479,-0.239190694,-0.141986873,-0.321741254,-0.286302078,1.871868461,-0.54122861,-0.659220149,0.608515806,-0.787498641
-0.201914532,1.28793612,1.071217609,-0.158782987,-0.147512838,0.165538229,-0.118539085,-0.239190694,-0.141986873,-0.321741254,-0.289557281,1.224496734,-0.231578644,-0.717646223,0.608515806,-0.056794045
-0.201914532,-0.357052319,-2.58418562,-0.162870289,-0.531046216,-0.685227486,-0.123071452,-0.239190694,-0.141986873,-0.343138468,-0.138190316,1.062653802,0.387721287,-0.776072297,0.608515806,-0.056794045
-0.201914532,-0.459422844,1.013079983,-0.162870289,-0.847145155,-0.559385057,-0.123071452,-0.239190694,-0.141986873,-0.364535682,0.338697003,2.033711392,-0.386403627,-0.659220149,0.608515806,-0.787498641
-0.201914532,1.330296337,0.809598293,-0.162870289,-0.606909962,-0.535014164,-0.123071452,-0.239190694,-0.141986873,-0.364535682,0.013176648,-0.070246719,-0.231578644,-0.483941927,0.608515806,-1.490099214
-0.201914532,1.132615323,-0.00432847,-0.162870289,-0.813427935,-0.601923343,-0.123071452,-0.239190694,-0.141986873,-0.257549613,-0.248867237,1.224496734,0.387721287,-0.717646223,0.608515806,-0.787498641
-0.201914532,1.189095613,0.162817205,-0.162870289,-0.745993494,-0.600150914,-0.123071452,-0.239190694,-0.141986873,-0.257549613,-0.250494839,1.548182597,0.078071321,-0.776072297,0.608515806,-0.056794045
-0.196420418,-0.556286541,-2.060946986,-0.140390128,-0.202303321,0.037037158,-0.120805269,-0.224595291,-0.141986873,-0.257549613,-0.240729228,0.738967939,-1.779828472,-0.834498371,0.608515806,-0.056794045
-0.193423629,-0.189023457,0.853201512,-0.130171873,2.381278669,0.78588823,-0.114762112,-0.239190694,-0.141986873,-0.257549613,-0.243984432,0.577125007,-0.54122861,-0.776072297,0.608515806,-0.781877836
-0.195920953,0.483091991,1.093019219,-0.154695685,0.712276274,1.286599302,-0.119294479,-0.239190694,-0.141986873,-0.257549613,-0.2146876,0.900810871,0.387721287,-0.133385484,0.608515806,-1.490099214
-0.195920953,-0.282921939,1.289233707,-0.140390128,2.638372472,4.113622877,-0.110985139,-0.21583805,-0.141986873,-0.257549613,-0.219570405,0.415282076,0.387721287,-0.36708978,0.608515806,-1.490099214
-0.113009779,-0.30269004,-1.486837931,0.131415456,1.803871275,0.196555729,-0.120805269,-0.209999889,-0.141986873,-0.364535682,-0.138190316,0.415282076,0.697371252,-0.250237632,0.597242775,-0.056794045
-0.196919883,0.250110796,0.53344457,-0.158782987,0.670129749,-0.299724271,-0.118539085,-0.239190694,-0.138883047,-0.364535682,-0.138190316,0.415282076,-3.637728266,0.392449182,0.591606259,-0.056794045
-0.199916673,-0.234207689,-0.738315997,-0.154695685,1.487772336,-0.166792128,-0.120049874,-0.230433452,-0.138883047,-0.364535682,-0.138190316,0.415282076,0.387721287,0.626153478,0.591606259,-0.056794045
-0.201914532,0.462476685,-0.360421429,-0.162870289,-0.809213282,-0.530139986,-0.123071452,-0.239190694,-0.138883047,-0.364535682,-0.173997555,0.091596212,1.007021218,-0.542368001,0.591606259,-1.490099214
-0.197419348,-0.549226505,-1.348761069,-0.091342504,0.096937008,-0.091463914,-0.083790935,-0.189566326,-0.141986873,-0.364535682,-0.2146876,0.577125007,-0.54122861,-0.717646223,0.512695044,-0.787498641
-0.193423629,-0.31045608,-0.847324046,-0.10360441,-0.552119479,1.153667159,-0.120805269,-0.224595291,-0.141986873,-0.257549613,-0.276536467,1.062653802,0.078071321,-0.834498371,0.501422013,-0.056794045
-0.194922024,-0.422004652,1.427310568,-0.00346551,0.539475521,0.014881801,-0.098143432,5.161108126,-0.141986873,-0.364535682,0.603996092,-0.393932583,-1.62500349,0.626153478,0.343599581,-1.48447841
0.036829692,0.077845912,1.231096081,-0.119953618,-0.800783977,-0.661742807,-0.123071452,-0.227514372,-0.141986873,-0.364535682,-0.138190316,-0.393932583,-1.62500349,0.626153478,0.19705018,0.533390437
-0.194922024,-0.553744928,1.659861072,-0.140390128,1.81230058,4.379487163,-0.113251323,-0.224595291,-0.14043496,-0.364535682,-0.200039184,0.577125007,-1.315353524,0.275597034,0.033591233,-1.512582433
-0.195421488,0.278350941,-0.316818209,-0.162870289,0.273952413,-0.402525129,-0.123071452,-0.239190694,-0.141986873,-0.364535682,-0.138190316,0.577125007,-1.005703558,0.567727404,-0.045319982,0.994296413
-0.195421488,-0.118423095,0.867735919,-0.158782987,-0.03371722,-0.425123593,-0.123071452,-0.239190694,-0.141986873,-0.364535682,-0.281419272,0.577125007,0.542546269,-0.717646223,-0.045319982,-0.742532204
-0.195421488,-0.570053612,0.940407951,-0.156739336,-0.88929168,-0.517289879,-0.123071452,-0.005664258,-0.141986873,-0.364535682,0.175936826,-1.041304309,0.078071321,0.158744886,-0.045319982,0.994296413
-0.195421488,-0.347874272,-2.286230287,-0.156739336,-0.10115166,-0.237689271,-0.123071452,-0.239190694,-0.141986873,-0.343138468,-0.126797104,1.224496734,-0.076753662,-0.776072297,-0.045319982,-0.748153009
-0.195421488,-0.568218002,0.526177366,-0.142433779,-0.518402259,0.675111444,-0.111740534,-0.031935982,-0.141986873,-0.364535682,-0.138190316,-1.203147241,0.697371252,1.560970661,-0.045319982,0.994296413
-0.194922024,-0.50743109,0.228222034,-0.154695685,-0.724920232,-0.308586414,-0.120805269,0.052717351,-0.141986873,-0.364535682,-0.138190316,-0.879461378,1.007021218,0.743005626,-0.045319982,0.994296413
-0.194922024,1.316176265,0.606116602,-0.162870289,-0.914579595,-0.628952879,-0.123071452,-0.239190694,-0.141986873,-0.257549613,-0.138190316,0.738967939,-0.076753662,-0.542368001,-0.045319982,-1.490099214
-0.194922024,-0.559181156,0.526177366,-0.158782987,-0.944082162,-0.519062307,-0.123071452,-0.110751154,-0.141986873,-0.364535682,0.084791126,-1.041304309,-0.076753662,0.976709921,-0.045319982,0.994296413
-0.194922024,-0.572524624,-0.22961177,-0.158782987,-0.880862375,-0.569133414,-0.120805269,-0.026097821,-0.141986873,-0.364535682,0.224764879,-1.203147241,0.387721287,0.567727404,-0.045319982,0.994296413
-0.194922024,-0.568500404,0.51164296,-0.158782987,-0.880862375,-0.575780022,-0.123071452,-0.064045867,-0.141986873,-0.364535682,0.179192029,-1.041304309,0.542546269,0.392449182,-0.045319982,0.994296413
-0.194922024,-0.40011854,-2.722262481,-0.156739336,-0.375104073,-0.479182664,-0.123071452,-0.239190694,-0.141986873,-0.364535682,-0.255377644,1.386339666,0.078071321,-0.834498371,-0.045319982,0.050001243
-0.199417208,-0.030172642,0.155550001,-0.152652034,1.959813418,0.218711087,-0.119294479,-0.239190694,-0.14043496,-0.364535682,-0.138190316,1.386339666,0.078071321,1.151988143,-0.050956498,0.999917218
-0.198418278,-0.155841287,-2.060946986,-0.156739336,0.320313591,-0.457027307,-0.118539085,-0.239190694,-0.14043496,-0.364535682,-0.138190316,-1.041304309,0.387721287,0.158744886,-0.050956498,0.999917218
-0.194422559,0.701953114,0.373566098,-0.154695685,0.092722355,-0.525708914,-0.113251323,-0.230433452,-0.14043496,-0.364535682,-0.138190316,-0.879461378,-0.231578644,0.859857773,-0.050956498,0.999917218
-0.088535999,0.115052303,-0.76665809,-0.140390128,-0.514187606,0.498754801,-0.117028296,-0.163294602,-0.141986873,-0.343138468,0.112460357,-0.070246719,-0.231578644,0.21717096,-0.050956498,0.999917218
-0.144975533,-0.036526675,1.623525056,-0.158782987,0.059005135,-0.250982485,-0.123071452,-0.239190694,-0.141986873,-0.364535682,-0.138190316,-0.070246719,0.078071321,0.50930133,-0.253871053,1.011158827
-0.149970182,-0.578525655,0.148282798,-0.152652034,-0.859789112,-0.548307379,-0.110229745,0.560637348,-0.141986873,-0.364535682,-0.138190316,-1.041304309,-0.076753662,0.450875256,-0.28205363,1.011158827
-0.156463226,-0.549720707,-0.258680583,-0.150608383,-0.691203012,0.019312872,-0.117028296,0.251214821,-0.141986873,-0.364535682,1.342927297,-1.041304309,-3.637728266,0.859857773,-0.315872722,1.011158827
-0.156463226,1.146735396,0.119213985,-0.152652034,-0.897720985,-0.618761414,-0.123071452,-0.221676211,-0.141986873,-0.343138468,0.701652198,0.415282076,-1.934653455,-0.425515853,-0.315872722,-1.490099214
-0.157462156,-0.576690046,0.729659057,-0.158782987,-0.817642587,-0.582426629,-0.123071452,-0.110751154,-0.141986873,-0.364535682,-0.138190316,-1.041304309,0.232896304,1.210414217,-0.327145753,-1.490099214
-0.157961621,0.207750579,0.351764489,-0.156739336,1.205390618,0.364936444,-0.123071452,-0.239190694,-0.141986873,-0.364535682,-0.138190316,-1.041304309,0.697371252,2.320509622,-0.332782269,1.011158827
-0.162456805,-0.542943073,0.482574147,-0.150608383,-0.83871585,-0.623635593,-0.112495928,1.316679183,-0.141986873,-0.364535682,-0.138190316,-1.041304309,-0.076753662,1.093562069,-0.434239546,1.011158827
-0.16295627,-0.569277008,0.577047789,-0.156739336,-0.472041081,-0.409614843,-0.120049874,0.11401804,-0.141986873,-0.364535682,0.079908321,-1.041304309,0.542546269,-0.308663706,-0.451149092,1.011158827
-0.165453594,-0.512373116,0.158965587,-0.142433779,0.037931873,0.126101694,-0.122316058,-0.233352533,-0.141986873,-0.343138468,-0.284674476,1.386339666,1.161846201,-0.717646223,-0.563879401,1.011158827
-0.166452524,-0.56588819,-0.120603722,-0.146521081,-0.467826429,0.369367515,-0.11778369,0.51101298,-0.141986873,-0.364535682,-0.138190316,-2.821576558,0.542546269,1.210414217,-0.614608039,1.011158827
-0.166951989,-0.56384078,-0.556635916,-0.160826638,-0.977799383,-0.029428914,-0.11778369,0.102341718,-0.141986873,-0.364535682,3.279773406,-0.393932583,-0.076753662,2.671066066,-0.637154101,1.011158827
-0.171447173,-0.558969355,0.075610766,-0.154695685,-0.615339267,-0.402082021,-0.120805269,0.102341718,-0.141986873,-0.364535682,-0.138190316,-1.041304309,-0.076753662,-0.07495941,-0.766793955,1.011158827
-0.171447173,-0.472130909,0.351764489,-0.154695685,-0.615339267,-0.542990093,-0.123071452,-0.087398511,-0.141986873,-0.364535682,0.001783436,-0.879461378,0.387721287,-0.308663706,-0.766793955,1.011158827
-0.172446103,-0.548591102,-2.010076564,-0.132215524,1.403479286,1.915811446,-0.119294479,-0.224595291,-0.141986873,-0.257549613,-0.276536467,1.062653802,0.078071321,-0.717646223,-0.772430471,-0.787498641
-0.172446103,-0.455892826,1.063950406,-0.156739336,-0.741778842,-0.492918986,-0.120805269,0.078989075,-0.141986873,-0.364535682,0.037590675,-1.041304309,-1.005703558,-0.191811558,-0.772430471,1.011158827
-0.172446103,-0.489781,0.162817205,-0.156739336,-0.649056487,-0.465446343,-0.123071452,0.043960109,-0.141986873,-0.364535682,-0.138190316,-1.203147241,0.232896304,0.21717096,-0.772430471,1.011158827
-0.172945568,-0.52677559,0.577047789,-0.156739336,-0.762852105,-0.344034986,-0.121560663,0.011850224,-0.141986873,-0.364535682,0.024569861,-0.879461378,0.387721287,0.684579552,-0.778066986,1.011158827
-0.172945568,-0.57753725,-1.239462332,-0.154695685,-0.733349537,-0.523050272,-0.120049874,0.076069994,-0.141986873,-0.364535682,0.104322348,-0.879461378,2.24562108,-0.016533336,-0.778066986,1.011158827
-0.173445033,-0.41565062,0.438970928,-0.154695685,-0.615339267,-0.3945492,-0.120049874,0.189914131,-0.141986873,-0.364535682,0.180819631,-0.879461378,-0.076753662,-0.133385484,-0.783703502,1.011158827
-0.173944498,0.900340132,0.867735919,-0.154695685,-0.834501197,-0.614330343,-0.117028296,1.016013897,-0.141986873,-0.364535682,-0.138190316,-0.879461378,-0.850878576,1.151988143,-0.783703502,1.011158827
-0.174943427,-0.567441398,-0.055198893,-0.158782987,-0.092722355,-0.095894985,-0.123071452,-0.195404487,-0.141986873,-0.364535682,-0.138190316,-0.879461378,0.232896304,0.158744886,-0.789340017,1.011158827
-0.174943427,-0.571959822,0.497108554,-0.156739336,-0.556334131,-0.459242843,-0.123071452,0.131532523,-0.141986873,-0.364535682,0.166171215,-0.879461378,-0.231578644,0.100318812,-0.789340017,1.011158827
-0.174943427,-0.570194812,-0.265947787,-0.154695685,-0.653271139,-0.435758164,-0.120049874,0.128613442,-0.141986873,-0.364535682,0.179192029,-0.879461378,0.232896304,0.041892738,-0.789340017,1.011158827
-0.174943427,-0.570194812,-0.265947787,-0.154695685,-0.653271139,-0.435758164,-0.120049874,0.128613442,-0.141986873,-0.364535682,-0.138190316,-0.879461378,0.232896304,0.041892738,-0.789340017,1.011158827
-0.175942357,-0.469306895,0.620651009,-0.156739336,-0.661700444,-0.391004343,-0.119294479,0.000173903,-0.141986873,-0.364535682,-0.138190316,-1.364990173,0.697371252,2.028379252,-0.789340017,1.011158827
-0.175942357,-0.544496281,1.710731494,-0.117909967,-0.172800753,-0.024997842,-0.119294479,-0.090317591,-0.141986873,-0.364535682,-0.138190316,0.253439144,-1.779828472,-0.659220149,-0.789340017,1.011158827
-0.175942357,-0.567300198,-0.614773542,-0.156739336,-0.488899691,-0.470763629,-0.120049874,-0.064045867,-0.141986873,-0.364535682,-0.138190316,-1.203147241,0.852196235,0.275597034,-0.789340017,1.011158827
-0.175942357,-0.480602953,0.773262277,-0.156739336,-0.649056487,-0.50311045,-0.123071452,-0.040693224,-0.141986873,-0.364535682,-0.138190316,-1.041304309,-0.54122861,-0.308663706,-0.789340017,1.011158827
-0.176441822,-0.566099991,0.002938733,-0.158782987,-0.80499863,-0.652437557,-0.123071452,0.394249762,-0.141986873,-0.364535682,0.151522799,-1.364990173,-1.470178507,0.976709921,-0.794976532,1.011158827
-0.176941287,-0.57556044,0.540711773,-0.154695685,-0.733349537,-0.4689912,-0.120049874,0.067312753,-0.141986873,-0.364535682,-0.138190316,-1.041304309,0.078071321,0.21717096,-0.794976532,1.011158827
-0.177440752,-0.565182187,0.497108554,-0.154695685,-0.661700444,-0.348466057,-0.120805269,0.087746316,-0.141986873,-0.364535682,0.338697003,-0.879461378,0.387721287,0.21717096,-0.794976532,1.011158827
-0.177440752,-0.56193457,-0.505765493,-0.158782987,-0.783925367,-0.490260343,-0.120805269,0.008931144,-0.141986873,-0.364535682,-0.138190316,-0.232089651,0.542546269,0.21717096,-0.794976532,1.011158827
-0.177940217,-0.572736426,0.78052948,-0.156739336,-0.556334131,-0.399866486,-0.120805269,-0.0144215,-0.141986873,-0.364535682,-0.138190316,-1.203147241,-0.54122861,-0.07495941,-0.794976532,1.011158827
-0.177940217,-0.496135033,0.809598293,-0.154695685,-0.505758301,-0.3573282,-0.120805269,-0.008583339,-0.141986873,-0.364535682,0.569816455,-1.364990173,0.232896304,-0.016533336,-0.794976532,1.011158827
-0.177940217,-0.585020889,-1.937913236,-0.156739336,-0.876647722,-0.506655307,-0.120049874,0.18115689,-0.141986873,-0.364535682,0.11571556,-1.364990173,0.697371252,0.567727404,-0.794976532,1.011158827
-0.177940217,-0.572242223,0.656987025,-0.158782987,-0.767066757,-0.516403664,-0.123071452,0.087746316,-0.141986873,-0.364535682,0.193840445,-0.879461378,0.078071321,-0.016533336,-0.794976532,1.011158827
-0.177940217,-0.56963001,0.700590244,-0.156739336,-0.792354672,-0.516846772,-0.119294479,0.146127925,-0.141986873,-0.364535682,0.385897454,-1.203147241,0.232896304,-0.191811558,-0.794976532,1.011158827
-0.178439682,-0.561793369,0.032007546,-0.154695685,-0.716490927,-0.529696879,-0.123071452,-0.072803108,-0.141986873,-0.364535682,-0.138190316,-1.041304309,0.078071321,0.21717096,-0.794976532,1.011158827
-0.178439682,-0.564193782,-0.236878974,-0.158782987,-0.657485792,-0.376824914,-0.119294479,-0.026097821,-0.141986873,-0.364535682,-0.138190316,-0.070246719,0.542546269,-0.07495941,-0.794976532,1.011158827
-0.178939147,-0.562499373,-0.549368713,-0.156739336,-0.493114344,-0.438416807,-0.120049874,-0.08156035,-0.141986873,-0.364535682,-0.138190316,-0.555775514,0.852196235,-0.191811558,-0.794976532,1.011158827
-0.178939147,-0.574007232,-0.077000502,-0.158782987,-0.745993494,-0.479182664,-0.120805269,0.11693712,-0.141986873,-0.364535682,0.089673932,-1.203147241,0.852196235,0.041892738,-0.794976532,1.011158827
-0.180937006,-0.40788458,1.216561674,-0.160826638,-0.9230089,-0.5124157,-0.123071452,-0.075722189,-0.141986873,-0.364535682,0.249178905,-1.364990173,1.007021218,1.210414217,-0.794976532,1.011158827
-0.181935936,-0.571253818,0.620651009,-0.154695685,-0.665915097,-0.313017486,-0.120805269,0.070231833,-0.141986873,-0.364535682,-0.138190316,-1.041304309,0.542546269,0.275597034,-0.794976532,1.011158827
-0.181935936,-0.553956729,1.151156845,-0.156739336,-0.627983224,0.165538229,-0.123071452,-0.023178741,-0.141986873,-0.364535682,0.226392481,-0.879461378,0.232896304,0.100318812,-0.794976532,1.011158827
-0.182435401,-0.458716841,0.73692626,-0.156739336,-0.737564189,-0.489817236,-0.120049874,0.041041029,-0.141986873,-0.364535682,0.125481171,-1.364990173,0.387721287,0.626153478,-0.794976532,1.011158827
-0.182435401,-0.51519713,0.22095483,-0.154695685,-0.716490927,-0.448608271,-0.119294479,0.003092983,-0.141986873,-0.364535682,-0.138190316,-1.041304309,0.387721287,2.43736177,-0.794976532,1.011158827
-0.182934866,-0.557486747,0.591582196,-0.154695685,-0.497328996,0.781457159,-0.120805269,0.157804247,-0.141986873,-0.364535682,0.397290667,-1.041304309,0.078071321,0.041892738,-0.794976532,1.011158827
-0.182934866,-0.576548845,0.947675154,-0.158782987,-0.82185724,-0.649778915,-0.123071452,0.198671373,-0.141986873,-0.364535682,-0.138190316,-0.879461378,-0.076753662,0.334023108,-0.794976532,1.011158827
-0.183434331,-0.574219033,0.155550001,-0.156739336,-0.864003765,-0.348466057,-0.117028296,-0.090317591,-0.141986873,-0.364535682,-0.138190316,-1.203147241,0.852196235,0.743005626,-0.794976532,1.011158827
-0.183434331,2.572015508,-0.266674507,-0.152652034,0.290811023,-0.017908128,-0.117028296,-0.227514372,-0.141986873,-0.343138468,-0.230963617,-0.717618446,2.864921011,-0.659220149,-0.794976532,-0.787498641
-0.183434331,-0.570265413,0.024740343,-0.156739336,-0.847145155,-0.567804093,-0.121560663,-0.011502419,-0.141986873,-0.364535682,-0.138190316,-1.041304309,0.387721287,-0.07495941,-0.794976532,1.011158827
-0.183434331,-0.555227536,0.068343562,-0.158782987,-0.712276274,-0.277568914,-0.123071452,-0.058207706,-0.141986873,-0.364535682,-0.138190316,-1.041304309,1.007021218,0.450875256,-0.794976532,1.011158827
-0.183933796,-0.572595225,0.453505334,-0.154695685,-0.783925367,-0.461015271,-0.120049874,0.219104936,-0.141986873,-0.364535682,-0.138190316,-1.041304309,0.542546269,-0.016533336,-0.794976532,1.011158827
-0.184433261,-0.559110556,0.402634911,-0.156739336,-0.817642587,-0.562486807,-0.123071452,-0.110751154,-0.141986873,-0.364535682,0.120598365,-0.879461378,0.232896304,-0.191811558,-0.794976532,1.011158827
-0.184433261,-0.568712205,-0.585704729,-0.156739336,-0.615339267,-0.515074343,-0.120049874,-0.008583339,-0.141986873,-0.364535682,-0.138190316,-0.717618446,1.007021218,-0.191811558,-0.794976532,1.011158827
-0.184433261,-0.57365423,0.991278374,-0.156739336,-0.699632317,-0.465446343,-0.123071452,0.026445627,-0.141986873,-0.364535682,0.146639994,-1.364990173,-0.54122861,-0.250237632,-0.794976532,1.011158827
-0.184433261,-0.566311793,0.235489237,-0.154695685,-0.712276274,-0.544762522,-0.116272901,0.041041029,-0.141986873,-0.364535682,0.228020082,-0.879461378,0.697371252,-0.483941927,-0.794976532,1.011158827
-0.200416137,-0.485544978,-2.489711978,-0.087255202,-0.497328996,-0.663515236,-0.057352126,-0.145780119,-0.141986873,-0.364535682,-0.138190316,1.062653802,0.232896304,-0.834498371,-0.794976532,0.02189722
-0.184932725,-0.081710906,0.250023643,-0.156739336,0.573192742,-0.060446414,-0.123071452,-0.239190694,-0.141986873,-0.364535682,-0.138190316,1.062653802,3.32939596,0.50930133,-0.794976532,1.011158827
-0.184932725,-0.562216972,-0.324085412,-0.158782987,-0.724920232,-0.4938052,-0.120049874,-0.131184717,-0.141986873,-0.364535682,-0.138190316,-1.041304309,-0.231578644,0.041892738,-0.794976532,1.011158827
-0.18543219,-0.568006201,-0.265947787,-0.154695685,-0.657485792,-0.477853343,-0.123071452,0.026445627,-0.141986873,-0.364535682,-0.138190316,-0.879461378,0.387721287,-0.483941927,-0.794976532,1.011158827
-0.18543219,-0.44883279,0.068343562,-0.158782987,-0.80499863,-0.589516343,-0.123071452,0.297920108,-0.141986873,-0.364535682,0.182447233,-1.364990173,-0.696053593,1.794674957,-0.794976532,1.011158827
-0.185931655,-0.085240925,1.340104129,-0.154695685,1.77858336,2.05317466,-0.119294479,-0.239190694,-0.141986873,-0.364535682,-0.138190316,-0.879461378,-0.076753662,2.72949214,-0.794976532,1.011158827
-0.186930585,-0.49754704,0.141015595,-0.156739336,-0.83871585,-0.520834736,-0.120805269,0.084827236,-0.141986873,-0.364535682,-0.138190316,-1.041304309,-0.850878576,-0.07495941,-0.794976532,1.011158827
-0.186930585,-0.568994606,0.555246179,-0.154695685,-0.585836699,-0.397207843,-0.120805269,0.003092983,-0.141986873,-0.364535682,-0.138190316,-1.041304309,0.697371252,0.100318812,-0.794976532,1.011158827
-0.186930585,-0.568712205,0.649719822,-0.156739336,-0.800783977,-0.5372297,-0.120805269,-0.037774143,-0.141986873,-0.364535682,-0.138190316,-1.041304309,0.542546269,-0.191811558,-0.794976532,1.011158827
-0.186930585,-0.55402733,-0.912728875,-0.158782987,-0.834501197,-0.498679379,-0.123071452,-0.034855063,-0.141986873,-0.364535682,-0.138190316,-0.070246719,1.007021218,0.50930133,-0.794976532,1.011158827
-0.186930585,-0.557133745,-0.425826258,-0.158782987,-0.851359807,-0.610342379,-0.123071452,-0.008583339,-0.141986873,-0.364535682,-0.138190316,-0.232089651,1.007021218,0.158744886,-0.794976532,1.011158827
-0.18743005,-0.558475152,0.359031692,-0.150608383,-0.674344402,-0.465446343,-0.113251323,0.548961026,-0.141986873,-0.364535682,0.159660808,-0.879461378,-0.076753662,0.21717096,-0.794976532,1.011158827
-0.18743005,-0.570477214,-0.258680583,-0.156739336,-0.627983224,-0.535900379,-0.123071452,0.020607466,-0.141986873,-0.364535682,-0.043789414,-0.879461378,0.542546269,-0.133385484,-0.794976532,1.011158827
-0.18743005,-0.571253818,0.053809156,-0.158782987,-0.716490927,-0.483613736,-0.120049874,-0.011502419,-0.141986873,-0.364535682,-0.138190316,-1.041304309,1.007021218,1.560970661,-0.794976532,1.011158827
-0.18743005,-0.562075771,0.344497286,-0.158782987,-0.80499863,-0.55273845,-0.120805269,0.096503557,-0.141986873,-0.364535682,-0.138190316,-1.041304309,1.007021218,0.626153478,-0.794976532,1.011158827
-0.187929515,-0.56963001,0.184618814,-0.152652034,-0.366674768,-0.456141093,-0.120805269,-0.090317591,-0.141986873,-0.364535682,-0.138190316,-1.041304309,0.852196235,0.859857773,-0.794976532,1.011158827
-0.18842898,-0.555509937,0.904071935,-0.140390128,-0.265523108,-0.542990093,-0.120049874,-0.207080809,-0.141986873,-0.364535682,-0.240729228,1.386339666,-1.160528541,-0.776072297,-0.794976532,-0.056794045
-0.18842898,-0.572665825,0.373566098,-0.156739336,-0.750208147,-0.483613736,-0.123071452,0.11693712,-0.141986873,-0.364535682,0.159660808,-0.879461378,0.232896304,-0.308663706,-0.794976532,1.011158827
-0.188928445,-0.276567906,1.529051413,-0.148564732,-0.653271139,-0.457470414,-0.118539085,0.6423716,-0.141986873,-0.364535682,0.105949949,-0.879461378,0.542546269,0.392449182,-0.794976532,1.011158827
-0.188928445,-0.567370798,0.039274749,-0.156739336,-0.741778842,-0.539888343,-0.123071452,-0.058207706,-0.141986873,-0.364535682,-0.138190316,-1.041304309,1.007021218,0.158744886,-0.794976532,1.011158827
-0.188928445,0.010069564,0.250023643,-0.158782987,-0.025287915,-0.2952932,-0.123071452,-0.230433452,-0.141986873,-0.343138468,-0.134935113,1.386339666,-1.470178507,-0.542368001,-0.794976532,-1.490099214
-0.18942791,-0.484132971,1.645326665,-0.14447743,1.003087298,0.289608229,-0.120049874,-0.239190694,-0.141986873,-0.364535682,-0.138190316,0.900810871,0.078071321,-0.36708978,-0.794976532,-1.490099214
-0.18942791,-0.444596768,0.184618814,-0.156739336,-0.851359807,-0.560271272,-0.123071452,0.058555512,-0.141986873,-0.364535682,-0.138190316,-1.203147241,0.232896304,-0.07495941,-0.794976532,1.011158827
-0.189927374,0.624292716,-0.447627868,-0.162870289,-0.741778842,-0.702951772,-0.123071452,-0.239190694,-0.141986873,-0.364535682,-0.138190316,0.577125007,-0.076753662,-0.07495941,-0.794976532,1.011158827
-0.189927374,-0.450950801,1.187492861,-0.158782987,-0.885077027,-0.628509772,-0.123071452,0.029364707,-0.141986873,-0.364535682,-0.138190316,-1.041304309,-0.076753662,-0.191811558,-0.794976532,1.011158827
-0.189927374,-0.571889221,0.577047789,-0.158782987,-0.830286545,-0.585528379,-0.120049874,0.067312753,-0.141986873,-0.364535682,0.214999268,-1.203147241,0.387721287,-0.07495941,-0.794976532,1.011158827
-0.189927374,-0.424122663,-1.784793263,-0.154695685,0.370889421,0.364936444,-0.123071452,-0.239190694,-0.141986873,-0.343138468,-0.149583529,1.224496734,0.387721287,-0.191811558,-0.794976532,-1.490099214
-0.190426839,-0.470718902,0.940407951,-0.158782987,-0.847145155,-0.193378557,-0.120805269,-0.01734058,-0.141986873,-0.364535682,-0.138190316,-1.364990173,1.007021218,2.671066066,-0.794976532,1.011158827
-0.190426839,-0.554380331,0.751460667,-0.158782987,-0.82185724,-0.44727895,-0.123071452,-0.099074832,-0.141986873,-0.364535682,-0.138190316,-1.041304309,0.078071321,3.080048583,-0.794976532,1.011158827
-0.190426839,0.454851846,-0.513032697,-0.160826638,0.864003765,0.400385015,-0.120805269,-0.239190694,-0.141986873,-0.364535682,-0.138190316,-1.041304309,0.542546269,4.248570062,-0.794976532,1.011158827
-0.190426839,-0.132543167,-0.411291851,-0.152652034,1.205390618,-0.024997842,-0.123071452,-0.239190694,-0.141986873,-0.364535682,-0.138190316,-1.041304309,0.697371252,0.334023108,-0.794976532,1.011158827
-0.190926304,-0.56186397,-0.374955835,-0.148564732,-0.606909962,0.338350015,-0.114762112,0.595666313,-0.141986873,-0.364535682,1.224112367,-1.526833104,0.387721287,2.086805326,-0.794976532,1.011158827
-0.190926304,-0.503901072,0.155550001,-0.156739336,-0.901935637,-0.444620307,-0.119294479,0.610261715,-0.141986873,-0.364535682,-0.138190316,-1.041304309,0.542546269,0.626153478,-0.794976532,1.011158827
-0.191425769,-0.564334982,0.722391854,-0.156739336,-0.859789112,-0.376381807,-0.120805269,-0.040693224,-0.141986873,-0.364535682,-0.138190316,-0.717618446,1.007021218,-0.07495941,-0.794976532,1.011158827
-0.191425769,-0.149487254,0.337230082,-0.156739336,2.292770966,1.09606323,-0.11778369,-0.239190694,-0.141986873,-0.364535682,-0.138190316,-0.717618446,0.387721287,1.444118513,-0.794976532,1.011158827
-0.191425769,-0.576125243,0.649719822,-0.152652034,-0.842930502,-0.330741771,-0.118539085,1.287488378,-0.141986873,-0.364535682,0.114087958,-1.041304309,-0.231578644,0.21717096,-0.794976532,1.011158827
-0.191425769,-0.398706533,-3.063821033,-0.152652034,-0.324528243,-0.246551414,-0.120805269,-0.239190694,-0.141986873,-0.364535682,-0.203294387,2.033711392,-0.386403627,-0.36708978,-0.794976532,-1.490099214
-0.191425769,-0.572877626,0.075610766,-0.162870289,-0.948296815,-0.722005379,-0.123071452,-0.049450465,-0.141986873,-0.364535682,-0.138190316,-1.364990173,0.542546269,0.100318812,-0.794976532,1.011158827
-0.191925234,-0.270213873,0.380833302,-0.158782987,2.520362202,0.41367823,-0.123071452,-0.239190694,-0.141986873,-0.257549613,-0.261888051,1.062653802,-0.076753662,-0.717646223,-0.794976532,-0.787498641
-0.191925234,0.638412788,0.860468715,-0.154695685,0.636412529,-0.362202378,-0.110985139,-0.227514372,-0.141986873,-0.364535682,-0.138190316,-1.041304309,-1.160528541,0.859857773,-0.794976532,1.011158827
-0.191925234,0.430353521,0.350456392,-0.148564732,-0.750208147,-0.553181557,-0.121560663,-0.236271613,-0.141986873,-0.364535682,-0.247239635,1.224496734,3.019745994,-0.659220149,-0.794976532,-0.787498641
-0.192424699,-0.34363825,-1.290623443,-0.160826638,0.547904826,-0.482284414,-0.123071452,-0.239190694,-0.141986873,-0.343138468,-0.16911475,1.548182597,-0.076753662,-0.659220149,-0.794976532,-0.787498641
-0.199916673,-0.526987391,1.550853023,-0.113822665,-0.623768572,-0.491589664,-0.077747779,-0.189566326,-0.141986873,-0.278946826,-0.19678398,1.386339666,-0.386403627,-0.717646223,-0.794976532,-0.787498641
-0.196919883,-0.024524613,-0.78918642,-0.158782987,0.830286545,-0.41005795,-0.120805269,-0.239190694,-0.141986873,-0.364535682,-0.138190316,-0.879461378,-0.386403627,0.041892738,-0.794976532,1.011158827
-0.196919883,-0.572101022,0.635185415,-0.154695685,-0.729134884,-0.352897128,-0.123071452,0.076069994,-0.141986873,-0.364535682,-0.138190316,-1.041304309,-0.076753662,0.334023108,-0.794976532,1.011158827
-0.196919883,-0.527834595,0.002938733,-0.158782987,-0.800783977,-0.317448557,-0.123071452,0.058555512,-0.141986873,-0.364535682,0.346835012,-0.879461378,0.697371252,0.626153478,-0.794976532,1.011158827
-0.196919883,-0.444596768,-3.002776526,-0.158782987,-0.619553919,-0.561600593,-0.123071452,-0.239190694,-0.141986873,-0.364535682,-0.138190316,1.548182597,0.542546269,-0.542368001,-0.794976532,0.02189722
-0.196919883,-0.396588522,0.417169318,-0.158782987,-0.834501197,-0.662185915,-0.120049874,0.37673528,-0.141986873,-0.364535682,-0.138190316,-0.717618446,0.542546269,0.626153478,-0.794976532,1.011158827
-0.196919883,-0.575207438,0.082877969,-0.148564732,-0.842930502,-0.335172843,-0.100409616,1.281650217,-0.141986873,-0.364535682,-0.138190316,-0.879461378,-0.850878576,1.619396735,-0.794976532,1.011158827
-0.197419348,-0.573936632,-0.135138128,-0.158782987,-0.842930502,-0.576666236,-0.123071452,0.134451603,-0.141986873,-0.364535682,-0.138190316,-1.041304309,-0.850878576,3.255326805,-0.794976532,1.011158827
-0.197419348,0.327771194,-0.200542957,-0.158782987,1.188532008,0.103503229,-0.123071452,-0.239190694,-0.141986873,-0.364535682,-0.138190316,-1.041304309,1.007021218,0.450875256,-0.794976532,1.011158827
-0.197419348,0.257170832,-0.193275754,-0.154695685,0.97358473,-0.1091882,-0.123071452,-0.239190694,-0.141986873,-0.364535682,-0.138190316,-1.041304309,0.078071321,-0.250237632,-0.794976532,1.011158827
-0.197419348,-0.434712717,0.751460667,-0.150608383,0.792354672,2.731128589,-0.110229745,-0.239190694,-0.141986873,-0.364535682,-0.191901175,0.577125007,-2.553953386,0.275597034,-0.794976532,-1.512582433
-0.197419348,-0.570406614,0.446238131,-0.158782987,-0.885077027,-0.308586414,-0.123071452,-0.078641269,-0.141986873,-0.364535682,0.338697003,-1.364990173,-0.076753662,1.268840291,-0.794976532,1.011158827
-0.197419348,-0.560804964,-0.731048794,-0.158782987,-0.885077027,-0.431327093,-0.119294479,0.57231367,-0.141986873,-0.364535682,-0.138190316,-1.203147241,0.697371252,1.327266365,-0.794976532,1.011158827
-0.197419348,-0.399412536,1.877877169,-0.154695685,-0.025287915,1.432824659,-0.118539085,-0.239190694,-0.141986873,-0.364535682,-0.077969051,0.415282076,0.078071321,-0.250237632,-0.794976532,-1.490099214
-0.197419348,0.610172643,0.417169318,-0.154695685,-0.299240328,-0.197809628,-0.120805269,-0.239190694,-0.141986873,-0.364535682,-0.138190316,0.900810871,0.078071321,-0.659220149,-0.794976532,1.011158827
-0.197419348,-0.414238612,0.671521431,-0.158782987,-0.851359807,-0.649335807,-0.120805269,0.297920108,-0.141986873,-0.364535682,0.123853569,-1.041304309,-0.696053593,2.904770362,-0.794976532,1.011158827
-0.197918813,-0.504607076,-1.50863954,-0.156739336,-0.328742896,-0.603695772,-0.123071452,-0.113670235,-0.141986873,-0.364535682,-0.138190316,-1.041304309,0.232896304,0.100318812,-0.794976532,1.011158827
-0.197918813,-0.196789497,-1.813862076,-0.158782987,0.332957548,-0.36663345,-0.123071452,-0.239190694,-0.141986873,-0.364535682,-0.138190316,-1.041304309,-2.399128403,0.450875256,-0.794976532,1.011158827
-0.197918813,0.007951554,-0.236878974,-0.156739336,0.311884286,-0.55273845,-0.114006718,-0.239190694,-0.141986873,-0.364535682,-0.138190316,-1.041304309,-0.386403627,0.100318812,-0.794976532,1.011158827
-0.197918813,0.271290905,0.104679579,-0.150608383,1.694290309,0.533317158,-0.123071452,-0.239190694,-0.141986873,-0.364535682,-0.138190316,-1.041304309,0.232896304,0.041892738,-0.794976532,1.011158827
-0.197918813,0.553692353,0.373566098,-0.154695685,0.800783977,0.032606086,-0.123071452,-0.239190694,-0.141986873,-0.364535682,-0.138190316,-1.041304309,-0.076753662,-0.133385484,-0.794976532,1.011158827
-0.197918813,0.017129601,-0.49849829,-0.154695685,1.416123244,-0.029428914,-0.123071452,-0.239190694,-0.141986873,-0.364535682,-0.138190316,-1.041304309,0.697371252,-0.483941927,-0.794976532,1.011158827
-0.197918813,-0.569418208,-0.033397283,-0.156739336,-0.864003765,-0.188947485,-0.123071452,-0.008583339,-0.141986873,-0.364535682,-0.138190316,-0.879461378,0.232896304,0.684579552,-0.794976532,1.011158827
-0.197918813,-0.581773272,0.010205937,-0.158782987,-0.944082162,-0.587300807,-0.123071452,-0.02025966,-0.141986873,-0.364535682,0.053866693,-0.879461378,-0.076753662,-0.07495941,-0.794976532,1.011158827
-0.197918813,-0.565182187,-1.515906744,-0.158782987,-0.868218417,-0.5806542,-0.120049874,-0.02025966,-0.141986873,-0.364535682,-0.138190316,-0.879461378,-0.231578644,0.450875256,-0.794976532,1.011158827
-0.197918813,-0.576690046,-0.569498866,-0.160826638,-0.87243307,-0.495577629,-0.120805269,-0.011502419,-0.141986873,-0.364535682,0.210116463,-0.879461378,2.710096028,1.444118513,-0.794976532,1.011158827
-0.197918813,-0.545272885,0.119213985,-0.158782987,-0.851359807,-0.608126843,-0.120805269,0.423440567,-0.141986873,-0.364535682,0.047356286,-1.041304309,0.387721287,2.1452314,-0.794976532,1.011158827
-0.197918813,-0.509549101,0.569780586,-0.158782987,-0.851359807,-0.616988986,-0.120805269,0.222024016,-0.141986873,-0.364535682,0.026197463,-1.041304309,-0.231578644,3.430605027,-0.794976532,1.011158827
-0.198418278,-0.075356874,-0.949064891,-0.162870289,0.9230089,-0.37283695,-0.120805269,-0.239190694,-0.141986873,-0.364535682,-0.138190316,-1.041304309,0.078071321,1.619396735,-0.794976532,1.011158827
-0.198418278,-0.176315392,-1.385097085,-0.162870289,0.488899691,-0.558055736,-0.123071452,-0.239190694,-0.141986873,-0.364535682,-0.138190316,-1.041304309,-0.231578644,0.158744886,-0.794976532,1.011158827
-0.198418278,0.01501159,-0.643842355,-0.152652034,1.470913726,0.240866444,-0.123071452,-0.239190694,-0.141986873,-0.364535682,-0.138190316,-1.041304309,0.542546269,1.502544587,-0.794976532,1.011158827
-0.198418278,0.137150216,0.199153221,-0.150608383,2.027247858,0.134520729,-0.123071452,-0.239190694,-0.141986873,-0.364535682,-0.138190316,-1.041304309,0.232896304,-0.016533336,-0.794976532,1.011158827
-0.198418278,-0.508137094,-0.062466096,-0.154695685,1.192746661,-0.126912485,-0.123071452,-0.239190694,-0.141986873,-0.364535682,-0.138190316,-1.041304309,0.542546269,-0.191811558,-0.794976532,1.011158827
-0.198418278,-0.560381362,1.151156845,-0.130171873,1.268610406,3.892069305,-0.11778369,-0.224595291,-0.141986873,-0.343138468,-0.120286697,1.062653802,-2.244303421,-0.016533336,-0.794976532,-1.506961628
-0.198418278,-0.566099991,-0.287749396,-0.158782987,-0.897720985,-0.519505414,-0.123071452,0.24829574,-0.141986873,-0.364535682,-0.138190316,-1.041304309,0.387721287,0.450875256,-0.794976532,1.011158827
-0.198418278,-0.50531308,0.24275644,-0.158782987,-0.809213282,-0.211102843,-0.123071452,-0.043612304,-0.141986873,-0.364535682,0.322420985,-1.688676036,0.078071321,0.450875256,-0.794976532,1.011158827
-0.198418278,-0.555298136,-2.762377443,-0.160826638,-0.800783977,-0.706939736,-0.123071452,-0.239190694,-0.141986873,-0.343138468,-0.226080812,1.386339666,1.935971114,-0.776072297,-0.794976532,1.011158827
-0.198418278,0.758433404,-0.077000502,-0.162870289,-0.830286545,-0.494691414,-0.123071452,-0.239190694,-0.141986873,-0.364535682,-0.138190316,-1.688676036,-1.160528541,-0.016533336,-0.794976532,-1.490099214
-0.198418278,-0.268095863,-0.280482193,-0.152652034,0.842930502,-0.104757128,-0.120049874,-0.239190694,-0.141986873,-0.364535682,-0.138190316,0.253439144,0.387721287,0.743005626,-0.794976532,1.011158827
-0.198917743,-0.239149714,0.329962879,-0.152652034,1.445625811,1.069476802,-0.119294479,-0.239190694,-0.141986873,-0.343138468,-0.247239635,0.415282076,-1.005703558,-0.717646223,-0.794976532,-0.787498641
-0.198917743,0.13009018,-0.440360664,-0.162870289,0.800783977,-0.402525129,-0.120805269,-0.239190694,-0.141986873,-0.364535682,-0.138190316,0.415282076,0.542546269,0.041892738,-0.794976532,1.011158827
-0.198917743,-0.267389859,-1.835663686,-0.158782987,0.87243307,-0.1402057,-0.123071452,-0.239190694,-0.141986873,-0.364535682,-0.138190316,-1.041304309,0.542546269,0.859857773,-0.794976532,1.011158827
-0.198917743,0.158330325,0.751460667,-0.158782987,1.395049981,-0.197809628,-0.123071452,-0.239190694,-0.141986873,-0.257549613,-0.261888051,0.738967939,-0.54122861,-0.834498371,-0.794976532,0.033138829
-0.198917743,0.084199945,0.133748392,-0.150608383,1.706934267,0.50673073,-0.123071452,-0.239190694,-0.141986873,-0.364535682,-0.138190316,0.738967939,-0.850878576,-0.133385484,-0.794976532,1.011158827
-0.198917743,-0.07465087,-0.244146177,-0.148564732,2.292770966,0.53774823,-0.123071452,-0.239190694,-0.141986873,-0.364535682,-0.138190316,0.738967939,-0.386403627,-0.250237632,-0.794976532,1.011158827
-0.198917743,0.113146093,0.431703724,-0.150608383,1.82915919,0.178831444,-0.123071452,-0.239190694,-0.141986873,-0.364535682,-0.138190316,0.738967939,0.232896304,-0.36708978,-0.794976532,1.011158827
-0.198917743,-0.130425156,-0.752850404,-0.154695685,1.201175966,-0.122481414,-0.123071452,-0.239190694,-0.141986873,-0.364535682,-0.138190316,0.738967939,0.232896304,-0.425515853,-0.794976532,1.011158827
-0.198917743,0.24305076,-0.207810161,-0.154695685,1.340259499,-0.064877485,-0.123071452,-0.239190694,-0.141986873,-0.364535682,-0.138190316,0.738967939,0.078071321,-0.250237632,-0.794976532,1.011158827
-0.198917743,-0.181257417,-1.225218614,-0.152652034,1.942954808,0.192124658,-0.123071452,-0.239190694,-0.141986873,-0.364535682,-0.138190316,0.738967939,0.697371252,-0.425515853,-0.794976532,1.011158827
-0.198917743,0.228930687,-0.236878974,-0.152652034,1.420337896,0.023743943,-0.123071452,-0.239190694,-0.141986873,-0.364535682,-0.138190316,-1.041304309,0.542546269,-0.308663706,-0.794976532,1.011158827
-0.198917743,-0.57753725,0.555246179,-0.162870289,-0.95672612,-0.621863164,-0.123071452,-0.137022878,-0.141986873,-0.364535682,-0.138190316,-0.879461378,0.078071321,0.275597034,-0.794976532,1.011158827
-0.198917743,-0.574360234,-0.418559055,-0.158782987,-0.876647722,-0.667060093,-0.123071452,0.271648384,-0.141986873,-0.364535682,-0.138190316,-0.717618446,0.387721287,0.334023108,-0.794976532,1.011158827
-0.199417208,-0.137485193,-0.142405331,-0.156739336,0.931438205,0.457988944,-0.123071452,-0.239190694,-0.141986873,-0.364535682,-0.138190316,-0.717618446,1.007021218,3.664309323,-0.794976532,1.011158827
-0.199417208,0.172450397,-0.324085412,-0.162870289,1.04101917,-0.299724271,-0.120805269,-0.239190694,-0.141986873,-0.364535682,-0.138190316,-0.717618446,-0.076753662,0.275597034,-0.794976532,1.011158827
-0.199417208,0.638412788,-0.345887022,-0.162870289,0.059005135,-0.304155343,-0.123071452,-0.239190694,-0.141986873,-0.364535682,-0.138190316,-0.717618446,-0.696053593,1.385692439,-0.794976532,1.011158827
-0.199417208,0.694893078,1.332836926,-0.152652034,0.97358473,-0.429997771,-0.114762112,-0.239190694,-0.141986873,-0.364535682,-0.138190316,2.681083119,0.232896304,-0.250237632,-0.794976532,1.011158827
-0.199417208,-0.275155899,-1.065340143,-0.148564732,1.875520367,0.263021801,-0.123071452,-0.239190694,-0.141986873,-0.364535682,-0.138190316,2.681083119,0.078071321,-0.250237632,-0.794976532,1.011158827
-0.199417208,0.151270289,-0.033397283,-0.148564732,1.905022935,0.44469573,-0.123071452,-0.239190694,-0.141986873,-0.364535682,-0.138190316,2.681083119,0.542546269,0.041892738,-0.794976532,1.011158827
-0.199417208,-0.317516116,-1.341493866,-0.154695685,2.086252993,0.094641086,-0.123071452,-0.239190694,-0.141986873,-0.364535682,-0.138190316,-0.879461378,0.852196235,-0.308663706,-0.794976532,1.011158827
-0.199417208,0.04042772,-0.934530484,-0.152652034,0.935652857,0.050330372,-0.123071452,-0.239190694,-0.141986873,-0.364535682,-0.138190316,-0.879461378,0.232896304,0.976709921,-0.794976532,1.011158827
-0.199417208,0.107498064,-0.440360664,-0.152652034,1.424552549,-0.042722128,-0.123071452,-0.239190694,-0.141986873,-0.364535682,-0.138190316,-0.879461378,-0.231578644,-0.191811558,-0.794976532,1.011158827
-0.199417208,-0.05700078,-0.02613008,-0.152652034,2.115755561,9.918326455,-0.123071452,-0.239190694,-0.141986873,-0.364535682,-0.138190316,-0.879461378,0.387721287,-0.308663706,-0.794976532,1.011158827
-0.199417208,-0.215851595,-0.592971932,-0.152652034,1.858661757,0.121227515,-0.123071452,-0.239190694,-0.141986873,-0.364535682,-0.138190316,-1.041304309,0.697371252,-0.191811558,-0.794976532,1.011158827
-0.199417208,0.518392172,0.904071935,-0.142433779,1.10845361,1.55689466,-0.108718956,-0.198323567,-0.141986873,-0.364535682,2.905424998,0.253439144,0.232896304,0.041892738,-0.794976532,1.011158827
-0.199417208,-0.504607076,0.497108554,-0.162870289,-0.935652857,-0.7047242,-0.123071452,-0.040693224,-0.141986873,-0.364535682,-0.138190316,-1.041304309,-0.386403627,0.567727404,-0.794976532,1.011158827
-0.199417208,0.546632317,0.395367708,-0.158782987,-0.649056487,-0.76365745,-0.123071452,-0.239190694,-0.141986873,-0.364535682,-0.173997555,0.900810871,-1.315353524,-0.717646223,-0.794976532,-0.787498641
-0.199916673,0.610172643,1.76886912,-0.152652034,0.421465251,0.249728587,-0.120805269,-0.239190694,-0.141986873,-0.343138468,-0.160976741,0.900810871,0.232896304,-0.776072297,-0.794976532,-0.781877836
-0.199916673,0.977294527,0.046541953,-0.162870289,-0.682773707,-0.58375595,-0.123071452,-0.239190694,-0.141986873,-0.364535682,-0.138190316,-0.393932583,-1.470178507,-0.36708978,-0.794976532,1.011158827
-0.199916673,0.744313331,0.446238131,-0.154695685,-0.387748031,-0.439303021,-0.123071452,-0.239190694,-0.141986873,-0.364535682,-0.208177193,-0.879461378,0.078071321,-0.834498371,-0.794976532,0.02189722
-0.199916673,-0.103597019,-1.668518012,-0.162870289,0.328742896,-0.439303021,-0.123071452,-0.239190694,-0.141986873,-0.364535682,-0.138190316,-0.879461378,0.232896304,0.100318812,-0.794976532,1.011158827
-0.199916673,-0.237737707,-0.912728875,-0.148564732,2.174760696,0.347212158,-0.123071452,-0.239190694,-0.141986873,-0.364535682,-0.138190316,-0.879461378,0.387721287,-0.308663706,-0.794976532,1.011158827
-0.199916673,-0.313986098,-1.683052418,-0.150608383,1.496201641,0.218711087,-0.123071452,-0.239190694,-0.141986873,-0.364535682,-0.138190316,-0.879461378,-0.231578644,-0.133385484,-0.794976532,1.011158827
-0.199916673,-0.286451957,-1.566777166,-0.150608383,1.736436835,0.121227515,-0.123071452,-0.239190694,-0.141986873,-0.364535682,-0.138190316,-0.879461378,0.232896304,-0.308663706,-0.794976532,1.011158827
-0.199916673,-0.258917816,-1.479570727,-0.150608383,1.479343031,0.138951801,-0.123071452,-0.239190694,-0.141986873,-0.364535682,-0.138190316,-0.879461378,0.232896304,-0.483941927,-0.794976532,1.011158827
-0.199916673,0.087729963,0.540711773,-0.148564732,2.280127008,0.387091801,-0.123071452,-0.239190694,-0.141986873,-0.364535682,-0.138190316,-0.879461378,0.542546269,-0.133385484,-0.794976532,1.011158827
-0.199916673,-0.30269004,-1.225218614,-0.150608383,1.770154055,0.276315015,-0.123071452,-0.239190694,-0.141986873,-0.364535682,-0.138190316,-0.879461378,0.542546269,-0.308663706,-0.794976532,1.011158827
-0.199916673,-0.246915754,-0.963599297,-0.154695685,2.069394383,0.085778943,-0.123071452,-0.239190694,-0.141986873,-0.364535682,-0.138190316,-1.041304309,0.852196235,-0.425515853,-0.794976532,1.011158827
-0.199916673,0.091965985,-1.857465296,-0.162870289,-0.813427935,-0.68301195,-0.123071452,-0.239190694,-0.141986873,-0.364535682,-0.138190316,-1.041304309,-0.386403627,0.859857773,-0.794976532,1.011158827
-0.199916673,-0.031090447,1.824826585,-0.154695685,-0.307669633,0.302458337,-0.116272901,-0.236271613,-0.141986873,-0.364535682,-0.258632848,1.548182597,2.24562108,-0.542368001,-0.794976532,-1.490099214
-0.199916673,0.758433404,0.090145172,-0.158782987,-0.640627182,-0.478739557,-0.123071452,-0.239190694,-0.141986873,-0.364535682,-0.273281264,0.738967939,-0.850878576,-0.717646223,-0.794976532,-0.787498641
-0.199916673,0.158330325,0.111946782,-0.160826638,0.505758301,0.090210015,-0.120049874,-0.239190694,-0.141986873,-0.364535682,-0.138190316,0.738967939,0.387721287,3.489031101,-0.794976532,1.011158827
-0.199916673,-0.56002836,0.475306944,-0.156739336,-0.741778842,-0.579767986,-0.123071452,0.04979827,-0.141986873,-0.364535682,-0.138190316,-0.879461378,-0.696053593,1.853101031,-0.794976532,1.011158827
-0.199916673,0.800793621,0.191886017,-0.162870289,-0.737564189,-0.721562272,-0.123071452,-0.239190694,-0.141986873,-0.364535682,-0.138190316,1.224496734,0.232896304,-0.659220149,-0.794976532,1.011158827
-0.200416137,-0.023818609,0.170084408,-0.150608383,1.369762066,0.839061087,-0.110985139,-0.239190694,-0.141986873,-0.257549613,-0.221198007,0.415282076,-4.102203214,-0.600794075,-0.794976532,-0.787498641
-0.200416137,-0.453068812,0.438970928,-0.158782987,-0.90615029,-0.516846772,-0.123071452,-0.096155752,-0.141986873,-0.364535682,-0.138190316,-1.203147241,-0.696053593,0.334023108,-0.794976532,1.011158827
-0.200416137,0.603112607,-0.135138128,-0.158782987,-0.77128141,-0.561600593,-0.121560663,-0.239190694,-0.141986873,-0.364535682,-0.138190316,0.738967939,-0.076753662,-0.36708978,-0.794976532,1.011158827
-0.200416137,-0.568218002,-0.672911168,-0.158782987,-0.864003765,-0.454368664,-0.120805269,0.04979827,-0.141986873,-0.364535682,-0.138190316,-0.879461378,0.078071321,9.740621014,-0.794976532,1.011158827
-0.200416137,-0.331636189,-0.556635916,-0.154695685,1.791227317,-0.042722128,-0.120049874,-0.239190694,-0.141986873,-0.364535682,-0.138190316,-0.879461378,0.078071321,0.21717096,-0.794976532,1.011158827
-0.200416137,0.65253286,0.228222034,-0.156739336,0.767066757,0.294039301,-0.123071452,-0.239190694,-0.141986873,-0.364535682,-0.138190316,-0.879461378,0.852196235,1.385692439,-0.794976532,1.011158827
-0.200416137,-0.234207689,-1.326959459,-0.158782987,1.121097568,-0.259844628,-0.123071452,-0.239190694,-0.141986873,-0.364535682,-0.138190316,-1.041304309,0.697371252,0.976709921,-0.794976532,1.011158827
-0.200416137,-0.03370266,-1.138012175,-0.160826638,0.522616911,-0.42246495,-0.123071452,-0.239190694,-0.141986873,-0.364535682,-0.138190316,-1.041304309,0.697371252,0.392449182,-0.794976532,1.011158827
-0.200416137,0.200690542,-0.847324046,-0.162870289,-0.522616911,-0.675036022,-0.123071452,-0.239190694,-0.141986873,-0.364535682,-0.138190316,-1.041304309,-0.076753662,-0.07495941,-0.794976532,1.011158827
-0.200416137,0.39131152,-3.209165098,-0.160826638,0.219161931,1.441686802,-0.110229745,-0.239190694,-0.141986873,-0.364535682,-0.138190316,-1.041304309,1.007021218,1.093562069,-0.794976532,1.011158827
-0.200416137,0.271290905,-0.832789639,-0.158782987,0.876647722,1.875931803,-0.123071452,-0.239190694,-0.141986873,-0.364535682,-0.138190316,-1.041304309,0.232896304,2.086805326,-0.794976532,1.011158827
-0.200416137,-0.30269004,-0.941797688,-0.148564732,2.178975348,0.333918944,-0.123071452,-0.239190694,-0.141986873,-0.364535682,-0.138190316,-1.041304309,0.232896304,-0.250237632,-0.794976532,1.011158827
-0.200416137,2.594042821,-1.203417004,-0.152652034,1.365547414,0.152245015,-0.120805269,-0.233352533,-0.141986873,-0.364535682,-0.138190316,-1.041304309,0.078071321,-0.308663706,-0.794976532,1.011158827
-0.200416137,-0.32810617,-1.646716402,-0.150608383,1.542562819,0.112365372,-0.123071452,-0.239190694,-0.141986873,-0.364535682,-0.138190316,-1.041304309,0.078071321,-0.425515853,-0.794976532,1.011158827
-0.200416137,-0.028690034,0.22989349,-0.140390128,0.316098938,0.84171973,-0.115517507,-0.224595291,-0.141986873,-0.364535682,-0.279791671,0.577125007,0.542546269,-0.776072297,-0.794976532,-0.781877836
-0.200416137,-0.574501435,0.475306944,-0.158782987,-0.927223552,-0.695862057,-0.123071452,0.207428614,-0.141986873,-0.364535682,-0.053555024,-0.879461378,-0.850878576,-0.250237632,-0.794976532,1.011158827
-0.200416137,0.09690801,-0.418559055,-0.142433779,1.213819923,-0.219964985,-0.107208167,-0.227514372,-0.141986873,-0.257549613,-0.164231945,1.548182597,-1.160528541,-0.717646223,-0.794976532,-0.787498641
-0.200416137,-0.17984541,-1.152546582,-0.14447743,0.526831564,-0.339603914,-0.10947435,-0.230433452,-0.141986873,-0.343138468,-0.118659095,1.386339666,0.232896304,-0.717646223,-0.794976532,-0.787498641
-0.200416137,0.200690542,0.693323041,-0.156739336,1.00730195,-0.259844628,-0.123071452,-0.239190694,-0.141986873,-0.343138468,-0.247239635,0.577125007,0.542546269,-0.717646223,-0.794976532,-0.787498641
-0.200416137,0.518392172,0.882270325,-0.160826638,-0.594266004,-0.55894195,-0.123071452,-0.239190694,-0.141986873,-0.364535682,-0.230963617,1.062653802,-1.62500349,-0.483941927,-0.794976532,-1.490099214
-0.200915602,0.518392172,0.257290847,-0.154695685,0.480470386,0.422540372,-0.121560663,-0.239190694,-0.141986873,-0.257549613,-0.208177193,1.224496734,-1.779828472,-0.717646223,-0.794976532,-0.787498641
-0.200915602,0.544655507,-0.077872567,-0.160826638,-0.733349537,-0.612114807,-0.123071452,-0.239190694,-0.141986873,-0.364535682,-0.276536467,0.900810871,-0.386403627,-0.600794075,-0.794976532,-1.490099214
-0.200915602,0.306873487,-1.062869294,-0.158782987,-0.893506332,-0.449937593,-0.120805269,-0.230433452,-0.141986873,-0.343138468,-0.237474025,0.900810871,1.471496166,-0.659220149,-0.794976532,-0.781877836
-0.201914532,1.069074997,0.206420424,-0.162870289,-0.90615029,-0.651108236,-0.123071452,-0.239190694,-0.141986873,-0.364535682,-0.203294387,0.900810871,-1.315353524,-0.36708978,-0.794976532,-1.490099214
-0.201914532,-0.568712205,0.257290847,-0.154695685,-0.9230089,-0.135774628,-0.120805269,0.613180796,-0.141986873,-0.364535682,-0.138190316,-1.041304309,-0.696053593,0.976709921,-0.794976532,1.011158827
-0.201914532,0.864333947,-0.091534909,-0.158782987,-0.387748031,-0.440189236,-0.117028296,-0.233352533,-0.141986873,-0.364535682,-0.138190316,-1.041304309,-0.696053593,0.976709921,-0.794976532,1.011158827
-0.201914532,0.47709096,0.076555502,-0.158782987,-0.619553919,-0.399423379,-0.118539085,-0.236271613,-0.141986873,-0.364535682,-0.064948237,-0.879461378,-0.696053593,-0.133385484,-0.794976532,-1.490099214
-0.201914532,0.758433404,0.773262277,-0.162870289,-0.724920232,-0.526152022,-0.123071452,-0.239190694,-0.141986873,-0.364535682,-0.138190316,-0.070246719,-0.076753662,-0.191811558,-0.794976532,-1.490099214
-0.201914532,0.723133223,-0.244146177,-0.162870289,-0.745993494,-0.578438664,-0.120805269,-0.239190694,-0.141986873,-0.364535682,0.263827321,0.738967939,0.387721287,0.158744886,-0.794976532,-1.490099214
-0.201914532,0.956114418,-0.113336519,-0.162870289,-0.834501197,-0.5744507,-0.120805269,-0.239190694,-0.141986873,-0.364535682,-0.121914299,0.415282076,-2.708778369,-0.016533336,-0.794976532,-1.490099214
-0.201914532,0.913754201,-0.113336519,-0.162870289,-0.813427935,-0.513301914,-0.123071452,-0.239190694,-0.141986873,-0.364535682,-0.178880361,-0.232089651,-1.934653455,-0.425515853,-0.794976532,-1.490099214
-0.201914532,0.570848241,-0.323504036,-0.160826638,-0.986228688,-0.650665129,-0.123071452,-0.239190694,-0.141986873,-0.364535682,-0.165859547,0.415282076,3.019745994,-0.659220149,-0.794976532,-1.490099214
-0.201914532,0.82197373,0.504375757,-0.156739336,-0.535260869,-0.495134521,-0.123071452,-0.239190694,-0.141986873,-0.364535682,-0.292812485,-0.717618446,-0.386403627,-0.834498371,-0.794976532,0.437836759
-0.201914532,0.581932498,0.111946782,-0.156739336,-0.585836699,-0.528367557,-0.123071452,-0.239190694,-0.141986873,-0.364535682,-0.22445321,-1.041304309,0.232896304,-0.717646223,-0.794976532,-0.787498641
-0.201914532,0.610172643,0.569780586,-0.154695685,-0.261308456,-0.317448557,-0.123071452,-0.239190694,-0.141986873,-0.364535682,-0.206549591,-0.717618446,0.542546269,-0.659220149,-0.794976532,-0.787498641
-0.201914532,0.906694164,0.889537528,-0.152652034,-0.509972954,-0.465003236,-0.123071452,-0.239190694,-0.141986873,-0.364535682,-0.213059998,-1.041304309,-0.54122861,-0.717646223,-0.794976532,-0.787498641
-0.201914532,1.217335758,-0.047931689,-0.162870289,-0.9230089,-0.597935379,-0.123071452,-0.239190694,-0.141986873,-0.364535682,-0.247239635,0.900810871,0.078071321,-0.776072297,-0.794976532,-0.787498641
-0.201914532,-0.534329828,-1.995542157,-0.150608383,0.15172749,-0.582426629,-0.123071452,-0.239190694,-0.141986873,-0.364535682,-0.250494839,1.224496734,-0.386403627,-0.776072297,-0.794976532,-0.034310826
-0.201914532,0.927874273,-0.156939738,-0.150608383,-0.198088668,0.112365372,-0.097388037,-0.195404487,-0.141986873,-0.278946826,-0.279791671,0.900810871,0.232896304,-0.776072297,-0.794976532,0.02189722
-0.201914532,1.040834852,0.061076359,-0.162870289,-0.177015405,0.178831444,-0.118539085,-0.239190694,-0.141986873,-0.236152399,-0.291184883,1.062653802,0.078071321,-0.776072297,-0.794976532,0.02189722
-0.201914532,0.546632317,-0.665643965,-0.162870289,0.029502568,1.685395731,-0.107208167,-0.239190694,-0.141986873,-0.364535682,-0.138190316,1.062653802,0.387721287,1.619396735,-0.794976532,1.011158827
-0.201914532,0.44779181,-0.818255233,-0.158782987,0.1685861,0.887802873,-0.123071452,-0.239190694,-0.141986873,-0.364535682,-0.138190316,1.062653802,0.542546269,1.502544587,-0.794976532,1.011158827
-0.201914532,0.076716306,-0.903208839,-0.156739336,0.480470386,1.635324624,-0.118539085,-0.239190694,-0.141986873,-0.364535682,-0.138190316,1.062653802,3.32939596,3.430605027,-0.794976532,1.011158827
-0.201914532,1.337356374,1.29650091,-0.162870289,-0.792354672,-0.715358772,-0.123071452,-0.239190694,-0.141986873,-0.364535682,-0.138190316,0.738967939,-0.850878576,-0.776072297,-0.794976532,-0.787498641
-0.201914532,-0.503195069,-2.707728075,-0.158782987,-0.552119479,-0.660413486,-0.123071452,-0.239190694,-0.141986873,-0.364535682,-0.138190316,1.062653802,0.387721287,-0.659220149,-0.794976532,-0.787498641
-0.201914532,-0.284333946,-2.656857652,-0.162870289,-0.686988359,-0.719789843,-0.123071452,-0.239190694,-0.141986873,-0.364535682,-0.138190316,3.004768982,0.542546269,-0.717646223,-0.794976532,-0.787498641
-0.201914532,0.814913693,-0.324085412,-0.162870289,-0.547904826,-0.458356629,-0.123071452,-0.239190694,-0.141986873,-0.278946826,-0.084479458,0.253439144,0.078071321,-0.600794075,-0.794976532,-0.787498641
-0.201914532,1.23145583,0.678788634,-0.162870289,-0.82185724,-0.615659664,-0.123071452,-0.239190694,-0.141986873,-0.364535682,-0.289557281,1.062653802,-0.696053593,-0.308663706,-0.794976532,-1.490099214
-0.201914532,1.019654744,-0.069733299,-0.162870289,-0.750208147,-0.399866486,-0.123071452,-0.239190694,-0.141986873,-0.364535682,-0.138190316,0.415282076,-0.386403627,-0.717646223,-0.794976532,-0.787498641
-0.201914532,1.047894889,-0.142405331,-0.162870289,-0.859789112,-0.530139986,-0.123071452,-0.239190694,-0.141986873,-0.364535682,-0.177252759,1.224496734,-0.231578644,-0.659220149,-0.794976532,-0.787498641
-0.201914532,1.111435215,0.111946782,-0.162870289,-0.674344402,-0.45968595,-0.118539085,-0.239190694,-0.141986873,-0.364535682,-0.025885794,-0.393932583,-1.005703558,-0.542368001,-0.794976532,-1.478857605
-0.201914532,1.125555287,0.177351611,-0.162870289,-0.800783977,-0.477853343,-0.123071452,-0.239190694,-0.141986873,-0.364535682,-0.016120184,0.900810871,0.232896304,-0.717646223,-0.794976532,-0.787498641
-0.201914532,-0.558404552,-0.643842355,-0.158782987,-0.927223552,-0.591288772,-0.123071452,0.04979827,-0.141986873,-0.364535682,0.413566684,-1.203147241,-0.076753662,-0.250237632,-0.794976532,1.011158827
-0.201914532,1.019654744,-0.22961177,-0.162870289,-0.876647722,-0.545648736,-0.123071452,-0.239190694,-0.141986873,-0.364535682,-0.138190316,-1.203147241,-0.386403627,1.035135995,-0.794976532,1.011158827
-0.201914532,0.539572281,0.01747314,-0.158782987,0.767066757,-0.2022407,-0.123071452,-0.239190694,-0.141986873,-0.257549613,-0.203294387,1.548182597,0.078071321,-0.717646223,-0.794976532,-0.787498641
-0.201914532,1.097315142,-0.135138128,-0.162870289,-0.82185724,-0.598378486,-0.123071452,-0.239190694,-0.141986873,-0.257549613,-0.253750042,1.062653802,-0.076753662,-0.717646223,-0.794976532,-0.787498641
-0.201914532,0.843153838,1.071217609,-0.162870289,-0.699632317,-0.720676057,-0.123071452,-0.239190694,-0.141986873,-0.364535682,-0.138190316,1.062653802,0.387721287,-0.659220149,-0.794976532,-0.787498641
-0.201914532,0.786673549,0.51164296,-0.162870289,-0.720705579,-0.718017415,-0.123071452,-0.239190694,-0.141986873,-0.364535682,-0.138190316,1.224496734,0.387721287,-0.717646223,-0.794976532,-0.787498641
-0.201914532,0.70901315,0.28635966,-0.162870289,-0.77128141,-0.670161843,-0.123071452,-0.239190694,-0.141986873,-0.364535682,-0.138190316,0.738967939,-0.54122861,-0.600794075,-0.794976532,-0.787498641
-0.192924164,-0.579161058,-0.360421429,-0.152652034,-0.493114344,-0.489817236,-0.120805269,0.026445627,-0.141986873,-0.364535682,-0.138190316,-1.041304309,-0.076753662,-0.542368001,-0.794976532,1.011158827
-0.196420418,0.511332136,-0.200542957,-0.156739336,0.273952413,0.187693586,-0.123071452,-0.230433452,-0.141986873,2.780854747,-0.219570405,0.091596212,-0.076753662,-0.776072297,-0.794976532,-0.781877836
-0.196420418,-0.465776877,0.656987025,-0.158782987,-0.85557446,-0.541660772,-0.120805269,-0.096155752,-0.141986873,-0.364535682,-0.138190316,-1.203147241,1.007021218,0.626153478,-0.794976532,1.011158827
-0.196420418,-0.465070873,0.061076359,-0.162870289,-0.901935637,-0.542103879,-0.123071452,-0.064045867,-0.141986873,-0.364535682,0.34520741,-1.203147241,0.697371252,0.743005626,-0.794976532,1.011158827
-0.196420418,-0.46436487,0.664254228,-0.158782987,-0.90615029,-0.420692521,-0.123071452,-0.08156035,-0.141986873,-0.364535682,0.151522799,-1.203147241,-0.54122861,0.626153478,-0.794976532,1.011158827
-0.196420418,-0.571324418,0.22095483,-0.158782987,-0.800783977,-0.339603914,-0.123071452,-0.055288626,-0.141986873,-0.364535682,-0.138190316,-1.364990173,-0.54122861,-0.016533336,-0.794976532,1.011158827
-0.196420418,0.518392172,-0.440360664,-0.162870289,-0.767066757,-0.517289879,-0.123071452,-0.239190694,-0.141986873,-0.364535682,-0.138190316,-0.879461378,-1.470178507,-0.016533336,-0.794976532,1.011158827
-0.196420418,-0.574360234,-0.491231087,-0.158782987,-0.880862375,-0.667946307,-0.123071452,0.37673528,-0.141986873,-0.364535682,0.110832755,-0.879461378,0.697371252,0.801431699,-0.794976532,1.011158827
-0.193423629,-0.571536219,-0.02613008,-0.158782987,-0.834501197,-0.339603914,-0.120049874,0.043960109,-0.141986873,-0.364535682,-0.138190316,-0.879461378,0.542546269,0.567727404,-0.794976532,1.011158827
-0.193423629,-0.544496281,0.133748392,-0.150608383,-0.661700444,-0.539445236,-0.119294479,0.37673528,-0.141986873,-0.364535682,0.424959897,-0.879461378,0.387721287,0.158744886,-0.794976532,1.011158827
-0.193423629,-0.57174802,0.402634911,-0.158782987,-0.897720985,-0.556283307,-0.123071452,-0.075722189,-0.141986873,-0.364535682,0.17105402,-1.041304309,0.078071321,0.158744886,-0.794976532,1.011158827
-0.193423629,-0.57358363,0.417169318,-0.158782987,-0.859789112,-0.259844628,-0.120805269,-0.052369545,-0.141986873,-0.364535682,0.379387047,-0.717618446,0.852196235,1.502544587,-0.794976532,1.011158827
-0.193423629,-0.57365423,0.061076359,-0.158782987,-0.830286545,-0.452153129,-0.123071452,0.099422638,-0.141986873,-0.364535682,0.048983887,-1.364990173,-0.54122861,0.392449182,-0.794976532,1.011158827
-0.193423629,-0.55021491,-2.409772742,-0.152652034,0.320313591,0.280746087,-0.123071452,-0.239190694,-0.141986873,-0.343138468,-0.126797104,1.062653802,-0.231578644,-0.600794075,-0.794976532,-0.787498641
-0.193923094,-0.515903134,0.279092456,-0.132215524,-0.514187606,4.512419306,-0.123071452,-0.177890004,-0.141986873,-0.364535682,-0.263515653,0.738967939,-1.005703558,-0.659220149,-0.794976532,-0.787498641
-0.193923094,-0.447420783,0.642452618,-0.150608383,-0.446753166,-0.511086379,-0.123071452,0.163642407,-0.141986873,-0.364535682,-0.138190316,-0.879461378,0.697371252,-0.250237632,-0.794976532,1.011158827
-0.193923094,-0.429770692,1.281966503,-0.162870289,-0.880862375,-0.5372297,-0.123071452,-0.08447943,-0.141986873,-0.364535682,-0.003099369,-0.879461378,-0.231578644,0.334023108,-0.794976532,1.011158827
-0.193923094,-0.446714779,0.438970928,-0.154695685,-0.842930502,-0.49070345,-0.110229745,0.295001027,-0.141986873,-0.364535682,-0.138190316,-0.879461378,0.232896304,0.334023108,-0.794976532,1.011158827
-0.195920953,-0.57937286,0.032007546,-0.158782987,-0.885077027,-0.55273845,-0.120049874,-0.099074832,-0.141986873,-0.364535682,-0.138190316,-1.203147241,0.697371252,0.21717096,-0.794976532,1.011158827
-0.195920953,-0.460128848,1.02761439,-0.158782987,-0.876647722,-0.113619271,-0.120805269,-0.029016902,-0.141986873,-0.364535682,0.431470304,-1.203147241,0.232896304,1.151988143,-0.794976532,1.011158827
-0.195920953,-0.569912411,0.344497286,-0.158782987,-0.880862375,-0.408285521,-0.123071452,-0.090317591,-0.141986873,-0.364535682,0.223137277,-0.879461378,0.078071321,1.210414217,-0.794976532,1.011158827
-0.195920953,-0.557204346,0.359031692,-0.158782987,-0.809213282,-0.398094057,-0.123071452,0.006012064,-0.141986873,-0.364535682,0.322420985,-0.879461378,0.232896304,0.450875256,-0.794976532,1.011158827
-0.195920953,-0.438242736,-2.664124855,-0.158782987,-0.311884286,-0.166792128,-0.123071452,-0.239190694,-0.141986873,-0.343138468,-0.182135564,1.062653802,0.078071321,-0.600794075,-0.794976532,-0.787498641
-0.194422559,-0.574007232,0.373566098,-0.156739336,-0.775496062,-0.426896021,-0.120805269,0.006012064,-0.141986873,-0.364535682,-0.138190316,-1.041304309,0.387721287,0.684579552,-0.794976532,1.011158827
-0.194422559,-0.566452993,-0.047931689,-0.156739336,-0.758637452,-0.529253772,-0.120805269,0.076069994,-0.141986873,-0.364535682,-0.138190316,-1.041304309,0.232896304,-0.250237632,-0.794976532,1.011158827
-0.194422559,-0.499665051,-0.927263281,-0.158782987,1.816515232,0.316194658,-0.123071452,-0.239190694,-0.141986873,-0.257549613,-0.252122441,1.062653802,0.697371252,-0.483941927,-0.794976532,-1.490099214
-0.194422559,-0.578102053,0.206420424,-0.152652034,-0.703846969,-0.569133414,-0.123071452,-0.029016902,-0.141986873,-0.364535682,-0.104010679,-0.879461378,0.078071321,-0.308663706,-0.794976532,1.011158827
-0.194422559,-0.568288603,-0.585704729,-0.156739336,-0.758637452,-0.547421164,-0.119294479,-0.160375522,-0.141986873,-0.364535682,-0.138190316,-1.041304309,1.007021218,0.100318812,-0.794976532,1.011158827
